RecordType,StartTime,Demand
VD,2017-01-01T00:00:00Z,27890
VD,2017-01-01T00:05:00Z,28135
VD,2017-01-01T00:10:00Z,28215
VD,2017-01-01T00:15:00Z,28329
VD,2017-01-01T00:20:00Z,28541
VD,2017-01-01T00:25:00Z,28532
VD,2017-01-01T00:30:00Z,28595
VD,2017-01-01T00:35:00Z,28762
VD,2017-01-01T00:40:00Z,28789
VD,2017-01-01T00:45:00Z,28789
VD,2017-01-01T00:50:00Z,28718
VD,2017-01-01T00:55:00Z,28711
VD,2017-01-01T01:00:00Z,28757
VD,2017-01-01T01:05:00Z,28617
VD,2017-01-01T01:10:00Z,28455
VD,2017-01-01T01:15:00Z,28293
VD,2017-01-01T01:20:00Z,28264
VD,2017-01-01T01:25:00Z,28270
VD,2017-01-01T01:30:00Z,28182
VD,2017-01-01T01:35:00Z,28165
VD,2017-01-01T01:40:00Z,28094
VD,2017-01-01T01:45:00Z,27889
VD,2017-01-01T01:50:00Z,27777
VD,2017-01-01T01:55:00Z,27835
VD,2017-01-01T02:00:00Z,27950
VD,2017-01-01T02:05:00Z,27894
VD,2017-01-01T02:10:00Z,27900
VD,2017-01-01T02:15:00Z,27757
VD,2017-01-01T02:20:00Z,27551
VD,2017-01-01T02:25:00Z,27418
VD,2017-01-01T02:30:00Z,27331
VD,2017-01-01T02:35:00Z,27135
VD,2017-01-01T02:40:00Z,26967
VD,2017-01-01T02:45:00Z,26779
VD,2017-01-01T02:50:00Z,26585
VD,2017-01-01T02:55:00Z,26502
VD,2017-01-01T03:00:00Z,26570
VD,2017-01-01T03:05:00Z,26409
VD,2017-01-01T03:10:00Z,26256
VD,2017-01-01T03:15:00Z,26077
VD,2017-01-01T03:20:00Z,25900
VD,2017-01-01T03:25:00Z,25869
VD,2017-01-01T03:30:00Z,25954
VD,2017-01-01T03:35:00Z,25858
VD,2017-01-01T03:40:00Z,25723
VD,2017-01-01T03:45:00Z,25644
VD,2017-01-01T03:50:00Z,25609
VD,2017-01-01T03:55:00Z,25515
VD,2017-01-01T04:00:00Z,25430
VD,2017-01-01T04:05:00Z,25220
VD,2017-01-01T04:10:00Z,24928
VD,2017-01-01T04:15:00Z,24956
VD,2017-01-01T04:20:00Z,25145
VD,2017-01-01T04:25:00Z,25077
VD,2017-01-01T04:30:00Z,25083
VD,2017-01-01T04:35:00Z,24987
VD,2017-01-01T04:40:00Z,24897
VD,2017-01-01T04:45:00Z,24875
VD,2017-01-01T04:50:00Z,24844
VD,2017-01-01T04:55:00Z,24796
VD,2017-01-01T05:00:00Z,24807
VD,2017-01-01T05:05:00Z,24782
VD,2017-01-01T05:10:00Z,24752
VD,2017-01-01T05:15:00Z,24699
VD,2017-01-01T05:20:00Z,24651
VD,2017-01-01T05:25:00Z,24645
VD,2017-01-01T05:30:00Z,24675
VD,2017-01-01T05:35:00Z,24639
VD,2017-01-01T05:40:00Z,24587
VD,2017-01-01T05:45:00Z,24564
VD,2017-01-01T05:50:00Z,24516
VD,2017-01-01T05:55:00Z,24500
VD,2017-01-01T06:00:00Z,24605
VD,2017-01-01T06:05:00Z,24819
VD,2017-01-01T06:10:00Z,24991
VD,2017-01-01T06:15:00Z,25022
VD,2017-01-01T06:20:00Z,25022
VD,2017-01-01T06:25:00Z,25027
VD,2017-01-01T06:30:00Z,24968
VD,2017-01-01T06:35:00Z,24958
VD,2017-01-01T06:40:00Z,24809
VD,2017-01-01T06:45:00Z,24828
VD,2017-01-01T06:50:00Z,24993
VD,2017-01-01T06:55:00Z,25269
VD,2017-01-01T07:00:00Z,25354
VD,2017-01-01T07:05:00Z,25374
VD,2017-01-01T07:10:00Z,25415
VD,2017-01-01T07:15:00Z,25366
VD,2017-01-01T07:20:00Z,25140
VD,2017-01-01T07:25:00Z,24968
VD,2017-01-01T07:30:00Z,24556
VD,2017-01-01T07:35:00Z,24520
VD,2017-01-01T07:40:00Z,24595
VD,2017-01-01T07:45:00Z,24645
VD,2017-01-01T07:50:00Z,24734
VD,2017-01-01T07:55:00Z,24747
VD,2017-01-01T08:00:00Z,24517
VD,2017-01-01T08:05:00Z,24588
VD,2017-01-01T08:10:00Z,24681
VD,2017-01-01T08:15:00Z,24799
VD,2017-01-01T08:20:00Z,24934
VD,2017-01-01T08:25:00Z,25045
VD,2017-01-01T08:30:00Z,25230
VD,2017-01-01T08:35:00Z,25399
VD,2017-01-01T08:40:00Z,25550
VD,2017-01-01T08:45:00Z,25768
VD,2017-01-01T08:50:00Z,25999
VD,2017-01-01T08:55:00Z,26121
VD,2017-01-01T09:00:00Z,26222
VD,2017-01-01T09:05:00Z,26471
VD,2017-01-01T09:10:00Z,26705
VD,2017-01-01T09:15:00Z,26975
VD,2017-01-01T09:20:00Z,27182
VD,2017-01-01T09:25:00Z,27348
VD,2017-01-01T09:30:00Z,27646
VD,2017-01-01T09:35:00Z,27895
VD,2017-01-01T09:40:00Z,28140
VD,2017-01-01T09:45:00Z,28367
VD,2017-01-01T09:50:00Z,28455
VD,2017-01-01T09:55:00Z,28713
VD,2017-01-01T10:00:00Z,29041
VD,2017-01-01T10:05:00Z,29331
VD,2017-01-01T10:10:00Z,29718
VD,2017-01-01T10:15:00Z,29998
VD,2017-01-01T10:20:00Z,30182
VD,2017-01-01T10:25:00Z,30390
VD,2017-01-01T10:30:00Z,30637
VD,2017-01-01T10:35:00Z,30779
VD,2017-01-01T10:40:00Z,30882
VD,2017-01-01T10:45:00Z,31040
VD,2017-01-01T10:50:00Z,31263
VD,2017-01-01T10:55:00Z,31402
VD,2017-01-01T11:00:00Z,31656
VD,2017-01-01T11:05:00Z,31896
VD,2017-01-01T11:10:00Z,32096
VD,2017-01-01T11:15:00Z,32282
VD,2017-01-01T11:20:00Z,32467
VD,2017-01-01T11:25:00Z,32571
VD,2017-01-01T11:30:00Z,32709
VD,2017-01-01T11:35:00Z,32808
VD,2017-01-01T11:40:00Z,32881
VD,2017-01-01T11:45:00Z,33068
VD,2017-01-01T11:50:00Z,33223
VD,2017-01-01T11:55:00Z,33281
VD,2017-01-01T12:00:00Z,33520
VD,2017-01-01T12:05:00Z,33813
VD,2017-01-01T12:10:00Z,34032
VD,2017-01-01T12:15:00Z,34207
VD,2017-01-01T12:20:00Z,34227
VD,2017-01-01T12:25:00Z,34270
VD,2017-01-01T12:30:00Z,34391
VD,2017-01-01T12:35:00Z,34389
VD,2017-01-01T12:40:00Z,34436
VD,2017-01-01T12:45:00Z,34450
VD,2017-01-01T12:50:00Z,34361
VD,2017-01-01T12:55:00Z,34324
VD,2017-01-01T13:00:00Z,34436
VD,2017-01-01T13:05:00Z,34449
VD,2017-01-01T13:10:00Z,34451
VD,2017-01-01T13:15:00Z,34452
VD,2017-01-01T13:20:00Z,34451
VD,2017-01-01T13:25:00Z,34403
VD,2017-01-01T13:30:00Z,34420
VD,2017-01-01T13:35:00Z,34393
VD,2017-01-01T13:40:00Z,34294
VD,2017-01-01T13:45:00Z,34333
VD,2017-01-01T13:50:00Z,34374
VD,2017-01-01T13:55:00Z,34359
VD,2017-01-01T14:00:00Z,34502
VD,2017-01-01T14:05:00Z,34499
VD,2017-01-01T14:10:00Z,34497
VD,2017-01-01T14:15:00Z,34477
VD,2017-01-01T14:20:00Z,34508
VD,2017-01-01T14:25:00Z,34499
VD,2017-01-01T14:30:00Z,34533
VD,2017-01-01T14:35:00Z,34563
VD,2017-01-01T14:40:00Z,34585
VD,2017-01-01T14:45:00Z,34616
VD,2017-01-01T14:50:00Z,34627
VD,2017-01-01T14:55:00Z,34667
VD,2017-01-01T15:00:00Z,34755
VD,2017-01-01T15:05:00Z,34856
VD,2017-01-01T15:10:00Z,34920
VD,2017-01-01T15:15:00Z,35006
VD,2017-01-01T15:20:00Z,35130
VD,2017-01-01T15:25:00Z,35290
VD,2017-01-01T15:30:00Z,35431
VD,2017-01-01T15:35:00Z,35523
VD,2017-01-01T15:40:00Z,35657
VD,2017-01-01T15:45:00Z,35867
VD,2017-01-01T15:50:00Z,36071
VD,2017-01-01T15:55:00Z,36260
VD,2017-01-01T16:00:00Z,36534
VD,2017-01-01T16:05:00Z,36909
VD,2017-01-01T16:10:00Z,37225
VD,2017-01-01T16:15:00Z,37569
VD,2017-01-01T16:20:00Z,37949
VD,2017-01-01T16:25:00Z,38174
VD,2017-01-01T16:30:00Z,38390
VD,2017-01-01T16:35:00Z,38589
VD,2017-01-01T16:40:00Z,38690
VD,2017-01-01T16:45:00Z,38857
VD,2017-01-01T16:50:00Z,38942
VD,2017-01-01T16:55:00Z,39049
VD,2017-01-01T17:00:00Z,39006
VD,2017-01-01T17:05:00Z,38994
VD,2017-01-01T17:10:00Z,38987
VD,2017-01-01T17:15:00Z,39000
VD,2017-01-01T17:20:00Z,39063
VD,2017-01-01T17:25:00Z,39075
VD,2017-01-01T17:30:00Z,39142
VD,2017-01-01T17:35:00Z,39072
VD,2017-01-01T17:40:00Z,38975
VD,2017-01-01T17:45:00Z,38925
VD,2017-01-01T17:50:00Z,38835
VD,2017-01-01T17:55:00Z,38818
VD,2017-01-01T18:00:00Z,38822
VD,2017-01-01T18:05:00Z,38776
VD,2017-01-01T18:10:00Z,38671
VD,2017-01-01T18:15:00Z,38502
VD,2017-01-01T18:20:00Z,38339
VD,2017-01-01T18:25:00Z,38134
VD,2017-01-01T18:30:00Z,37996
VD,2017-01-01T18:35:00Z,37929
VD,2017-01-01T18:40:00Z,37652
VD,2017-01-01T18:45:00Z,37484
VD,2017-01-01T18:50:00Z,37431
VD,2017-01-01T18:55:00Z,37339
VD,2017-01-01T19:00:00Z,37273
VD,2017-01-01T19:05:00Z,37453
VD,2017-01-01T19:10:00Z,37544
VD,2017-01-01T19:15:00Z,37346
VD,2017-01-01T19:20:00Z,37086
VD,2017-01-01T19:25:00Z,36960
VD,2017-01-01T19:30:00Z,36740
VD,2017-01-01T19:35:00Z,36576
VD,2017-01-01T19:40:00Z,36410
VD,2017-01-01T19:45:00Z,36169
VD,2017-01-01T19:50:00Z,35836
VD,2017-01-01T19:55:00Z,35578
VD,2017-01-01T20:00:00Z,35556
VD,2017-01-01T20:05:00Z,35422
VD,2017-01-01T20:10:00Z,35247
VD,2017-01-01T20:15:00Z,35040
VD,2017-01-01T20:20:00Z,34928
VD,2017-01-01T20:25:00Z,34833
VD,2017-01-01T20:30:00Z,34838
VD,2017-01-01T20:35:00Z,34491
VD,2017-01-01T20:40:00Z,34296
VD,2017-01-01T20:45:00Z,34133
VD,2017-01-01T20:50:00Z,33837
VD,2017-01-01T20:55:00Z,33471
VD,2017-01-01T21:00:00Z,33595
VD,2017-01-01T21:05:00Z,33458
VD,2017-01-01T21:10:00Z,33159
VD,2017-01-01T21:15:00Z,32944
VD,2017-01-01T21:20:00Z,32787
VD,2017-01-01T21:25:00Z,32598
VD,2017-01-01T21:30:00Z,32392
VD,2017-01-01T21:35:00Z,32169
VD,2017-01-01T21:40:00Z,31930
VD,2017-01-01T21:45:00Z,31744
VD,2017-01-01T21:50:00Z,31595
VD,2017-01-01T21:55:00Z,31366
VD,2017-01-01T22:00:00Z,31488
VD,2017-01-01T22:05:00Z,31536
VD,2017-01-01T22:10:00Z,31310
VD,2017-01-01T22:15:00Z,31094
VD,2017-01-01T22:20:00Z,30838
VD,2017-01-01T22:25:00Z,30689
VD,2017-01-01T22:30:00Z,30687
VD,2017-01-01T22:35:00Z,30603
VD,2017-01-01T22:40:00Z,30313
VD,2017-01-01T22:45:00Z,30080
VD,2017-01-01T22:50:00Z,29806
VD,2017-01-01T22:55:00Z,29332
VD,2017-01-01T23:00:00Z,29143
VD,2017-01-01T23:05:00Z,28926
VD,2017-01-01T23:10:00Z,28744
VD,2017-01-01T23:15:00Z,28542
VD,2017-01-01T23:20:00Z,28295
VD,2017-01-01T23:25:00Z,28093
VD,2017-01-01T23:30:00Z,28085
VD,2017-01-01T23:35:00Z,28042
VD,2017-01-01T23:40:00Z,27980
VD,2017-01-01T23:45:00Z,27859
VD,2017-01-01T23:50:00Z,27689
VD,2017-01-01T23:55:00Z,27243
VD,2017-01-02T00:00:00Z,26964
VD,2017-01-02T00:05:00Z,26888
VD,2017-01-02T00:10:00Z,26919
VD,2017-01-02T00:15:00Z,26902
VD,2017-01-02T00:20:00Z,26862
VD,2017-01-02T00:25:00Z,26790
VD,2017-01-02T00:30:00Z,26969
VD,2017-01-02T00:35:00Z,27089
VD,2017-01-02T00:40:00Z,27086
VD,2017-01-02T00:45:00Z,27125
VD,2017-01-02T00:50:00Z,27103
VD,2017-01-02T00:55:00Z,27109
VD,2017-01-02T01:00:00Z,27304
VD,2017-01-02T01:05:00Z,27433
VD,2017-01-02T01:10:00Z,27465
VD,2017-01-02T01:15:00Z,27279
VD,2017-01-02T01:20:00Z,27109
VD,2017-01-02T01:25:00Z,27138
VD,2017-01-02T01:30:00Z,27172
VD,2017-01-02T01:35:00Z,27069
VD,2017-01-02T01:40:00Z,26979
VD,2017-01-02T01:45:00Z,26820
VD,2017-01-02T01:50:00Z,26892
VD,2017-01-02T01:55:00Z,26803
VD,2017-01-02T02:00:00Z,26955
VD,2017-01-02T02:05:00Z,27094
VD,2017-01-02T02:10:00Z,27046
VD,2017-01-02T02:15:00Z,26930
VD,2017-01-02T02:20:00Z,26827
VD,2017-01-02T02:25:00Z,26809
VD,2017-01-02T02:30:00Z,26954
VD,2017-01-02T02:35:00Z,26974
VD,2017-01-02T02:40:00Z,26879
VD,2017-01-02T02:45:00Z,26763
VD,2017-01-02T02:50:00Z,26682
VD,2017-01-02T02:55:00Z,26898
VD,2017-01-02T03:00:00Z,26884
VD,2017-01-02T03:05:00Z,26852
VD,2017-01-02T03:10:00Z,26851
VD,2017-01-02T03:15:00Z,26869
VD,2017-01-02T03:20:00Z,26780
VD,2017-01-02T03:25:00Z,26697
VD,2017-01-02T03:30:00Z,26654
VD,2017-01-02T03:35:00Z,26542
VD,2017-01-02T03:40:00Z,26507
VD,2017-01-02T03:45:00Z,26470
VD,2017-01-02T03:50:00Z,26420
VD,2017-01-02T03:55:00Z,26291
VD,2017-01-02T04:00:00Z,26223
VD,2017-01-02T04:05:00Z,26240
VD,2017-01-02T04:10:00Z,26203
VD,2017-01-02T04:15:00Z,26164
VD,2017-01-02T04:20:00Z,26114
VD,2017-01-02T04:25:00Z,26102
VD,2017-01-02T04:30:00Z,26188
VD,2017-01-02T04:35:00Z,26161
VD,2017-01-02T04:40:00Z,26133
VD,2017-01-02T04:45:00Z,26145
VD,2017-01-02T04:50:00Z,26196
VD,2017-01-02T04:55:00Z,26199
VD,2017-01-02T05:00:00Z,26345
VD,2017-01-02T05:05:00Z,26420
VD,2017-01-02T05:10:00Z,26396
VD,2017-01-02T05:15:00Z,26346
VD,2017-01-02T05:20:00Z,26284
VD,2017-01-02T05:25:00Z,26384
VD,2017-01-02T05:30:00Z,26655
VD,2017-01-02T05:35:00Z,26760
VD,2017-01-02T05:40:00Z,26627
VD,2017-01-02T05:45:00Z,26644
VD,2017-01-02T05:50:00Z,26653
VD,2017-01-02T05:55:00Z,26800
VD,2017-01-02T06:00:00Z,27035
VD,2017-01-02T06:05:00Z,27270
VD,2017-01-02T06:10:00Z,27485
VD,2017-01-02T06:15:00Z,27548
VD,2017-01-02T06:20:00Z,27837
VD,2017-01-02T06:25:00Z,27983
VD,2017-01-02T06:30:00Z,28090
VD,2017-01-02T06:35:00Z,28006
VD,2017-01-02T06:40:00Z,27976
VD,2017-01-02T06:45:00Z,28001
VD,2017-01-02T06:50:00Z,28159
VD,2017-01-02T06:55:00Z,28602
VD,2017-01-02T07:00:00Z,28497
VD,2017-01-02T07:05:00Z,28447
VD,2017-01-02T07:10:00Z,28655
VD,2017-01-02T07:15:00Z,28833
VD,2017-01-02T07:20:00Z,29079
VD,2017-01-02T07:25:00Z,29070
VD,2017-01-02T07:30:00Z,29039
VD,2017-01-02T07:35:00Z,29099
VD,2017-01-02T07:40:00Z,29258
VD,2017-01-02T07:45:00Z,29413
VD,2017-01-02T07:50:00Z,29586
VD,2017-01-02T07:55:00Z,29954
VD,2017-01-02T08:00:00Z,30331
VD,2017-01-02T08:05:00Z,30639
VD,2017-01-02T08:10:00Z,30869
VD,2017-01-02T08:15:00Z,31056
VD,2017-01-02T08:20:00Z,31305
VD,2017-01-02T08:25:00Z,31510
VD,2017-01-02T08:30:00Z,31750
VD,2017-01-02T08:35:00Z,32005
VD,2017-01-02T08:40:00Z,32278
VD,2017-01-02T08:45:00Z,32525
VD,2017-01-02T08:50:00Z,32731
VD,2017-01-02T08:55:00Z,32944
VD,2017-01-02T09:00:00Z,33272
VD,2017-01-02T09:05:00Z,33491
VD,2017-01-02T09:10:00Z,33570
VD,2017-01-02T09:15:00Z,33746
VD,2017-01-02T09:20:00Z,33916
VD,2017-01-02T09:25:00Z,34087
VD,2017-01-02T09:30:00Z,34148
VD,2017-01-02T09:35:00Z,34252
VD,2017-01-02T09:40:00Z,34395
VD,2017-01-02T09:45:00Z,34470
VD,2017-01-02T09:50:00Z,34518
VD,2017-01-02T09:55:00Z,34690
VD,2017-01-02T10:00:00Z,34836
VD,2017-01-02T10:05:00Z,34934
VD,2017-01-02T10:10:00Z,34991
VD,2017-01-02T10:15:00Z,35010
VD,2017-01-02T10:20:00Z,35028
VD,2017-01-02T10:25:00Z,35050
VD,2017-01-02T10:30:00Z,35134
VD,2017-01-02T10:35:00Z,35105
VD,2017-01-02T10:40:00Z,35075
VD,2017-01-02T10:45:00Z,35098
VD,2017-01-02T10:50:00Z,35068
VD,2017-01-02T10:55:00Z,35020
VD,2017-01-02T11:00:00Z,35083
VD,2017-01-02T11:05:00Z,35134
VD,2017-01-02T11:10:00Z,35201
VD,2017-01-02T11:15:00Z,35144
VD,2017-01-02T11:20:00Z,35105
VD,2017-01-02T11:25:00Z,35122
VD,2017-01-02T11:30:00Z,35318
VD,2017-01-02T11:35:00Z,35342
VD,2017-01-02T11:40:00Z,35339
VD,2017-01-02T11:45:00Z,35319
VD,2017-01-02T11:50:00Z,35298
VD,2017-01-02T11:55:00Z,35289
VD,2017-01-02T12:00:00Z,35447
VD,2017-01-02T12:05:00Z,35543
VD,2017-01-02T12:10:00Z,35506
VD,2017-01-02T12:15:00Z,35508
VD,2017-01-02T12:20:00Z,35585
VD,2017-01-02T12:25:00Z,35531
VD,2017-01-02T12:30:00Z,35556
VD,2017-01-02T12:35:00Z,35635
VD,2017-01-02T12:40:00Z,35561
VD,2017-01-02T12:45:00Z,35525
VD,2017-01-02T12:50:00Z,35536
VD,2017-01-02T12:55:00Z,35580
VD,2017-01-02T13:00:00Z,35609
VD,2017-01-02T13:05:00Z,35622
VD,2017-01-02T13:10:00Z,35590
VD,2017-01-02T13:15:00Z,35628
VD,2017-01-02T13:20:00Z,35611
VD,2017-01-02T13:25:00Z,35625
VD,2017-01-02T13:30:00Z,35740
VD,2017-01-02T13:35:00Z,35715
VD,2017-01-02T13:40:00Z,35774
VD,2017-01-02T13:45:00Z,35843
VD,2017-01-02T13:50:00Z,35893
VD,2017-01-02T13:55:00Z,35923
VD,2017-01-02T14:00:00Z,36071
VD,2017-01-02T14:05:00Z,36125
VD,2017-01-02T14:10:00Z,36183
VD,2017-01-02T14:15:00Z,36297
VD,2017-01-02T14:20:00Z,36391
VD,2017-01-02T14:25:00Z,36508
VD,2017-01-02T14:30:00Z,36693
VD,2017-01-02T14:35:00Z,36780
VD,2017-01-02T14:40:00Z,36934
VD,2017-01-02T14:45:00Z,37084
VD,2017-01-02T14:50:00Z,37263
VD,2017-01-02T14:55:00Z,37374
VD,2017-01-02T15:00:00Z,37425
VD,2017-01-02T15:05:00Z,37622
VD,2017-01-02T15:10:00Z,37873
VD,2017-01-02T15:15:00Z,38098
VD,2017-01-02T15:20:00Z,38311
VD,2017-01-02T15:25:00Z,38516
VD,2017-01-02T15:30:00Z,38844
VD,2017-01-02T15:35:00Z,39121
VD,2017-01-02T15:40:00Z,39324
VD,2017-01-02T15:45:00Z,39613
VD,2017-01-02T15:50:00Z,39865
VD,2017-01-02T15:55:00Z,39770
VD,2017-01-02T16:00:00Z,39909
VD,2017-01-02T16:05:00Z,40280
VD,2017-01-02T16:10:00Z,40650
VD,2017-01-02T16:15:00Z,41143
VD,2017-01-02T16:20:00Z,41722
VD,2017-01-02T16:25:00Z,42340
VD,2017-01-02T16:30:00Z,43102
VD,2017-01-02T16:35:00Z,43689
VD,2017-01-02T16:40:00Z,44285
VD,2017-01-02T16:45:00Z,44605
VD,2017-01-02T16:50:00Z,44806
VD,2017-01-02T16:55:00Z,45095
VD,2017-01-02T17:00:00Z,45521
VD,2017-01-02T17:05:00Z,45604
VD,2017-01-02T17:10:00Z,45736
VD,2017-01-02T17:15:00Z,45917
VD,2017-01-02T17:20:00Z,46129
VD,2017-01-02T17:25:00Z,46203
VD,2017-01-02T17:30:00Z,46140
VD,2017-01-02T17:35:00Z,46139
VD,2017-01-02T17:40:00Z,46145
VD,2017-01-02T17:45:00Z,46186
VD,2017-01-02T17:50:00Z,46112
VD,2017-01-02T17:55:00Z,46095
VD,2017-01-02T18:00:00Z,45952
VD,2017-01-02T18:05:00Z,45870
VD,2017-01-02T18:10:00Z,45742
VD,2017-01-02T18:15:00Z,45570
VD,2017-01-02T18:20:00Z,45383
VD,2017-01-02T18:25:00Z,45266
VD,2017-01-02T18:30:00Z,45217
VD,2017-01-02T18:35:00Z,45214
VD,2017-01-02T18:40:00Z,44987
VD,2017-01-02T18:45:00Z,44903
VD,2017-01-02T18:50:00Z,44714
VD,2017-01-02T18:55:00Z,44418
VD,2017-01-02T19:00:00Z,44355
VD,2017-01-02T19:05:00Z,44346
VD,2017-01-02T19:10:00Z,44290
VD,2017-01-02T19:15:00Z,44048
VD,2017-01-02T19:20:00Z,43841
VD,2017-01-02T19:25:00Z,43744
VD,2017-01-02T19:30:00Z,43592
VD,2017-01-02T19:35:00Z,43229
VD,2017-01-02T19:40:00Z,43087
VD,2017-01-02T19:45:00Z,42811
VD,2017-01-02T19:50:00Z,42436
VD,2017-01-02T19:55:00Z,42075
VD,2017-01-02T20:00:00Z,42241
VD,2017-01-02T20:05:00Z,41898
VD,2017-01-02T20:10:00Z,41680
VD,2017-01-02T20:15:00Z,41432
VD,2017-01-02T20:20:00Z,41042
VD,2017-01-02T20:25:00Z,40746
VD,2017-01-02T20:30:00Z,40726
VD,2017-01-02T20:35:00Z,40526
VD,2017-01-02T20:40:00Z,40486
VD,2017-01-02T20:45:00Z,40234
VD,2017-01-02T20:50:00Z,39897
VD,2017-01-02T20:55:00Z,39748
VD,2017-01-02T21:00:00Z,39875
VD,2017-01-02T21:05:00Z,39483
VD,2017-01-02T21:10:00Z,38922
VD,2017-01-02T21:15:00Z,38660
VD,2017-01-02T21:20:00Z,38282
VD,2017-01-02T21:25:00Z,37864
VD,2017-01-02T21:30:00Z,37542
VD,2017-01-02T21:35:00Z,37187
VD,2017-01-02T21:40:00Z,36872
VD,2017-01-02T21:45:00Z,36608
VD,2017-01-02T21:50:00Z,36239
VD,2017-01-02T21:55:00Z,35978
VD,2017-01-02T22:00:00Z,36142
VD,2017-01-02T22:05:00Z,35744
VD,2017-01-02T22:10:00Z,35372
VD,2017-01-02T22:15:00Z,34965
VD,2017-01-02T22:20:00Z,34616
VD,2017-01-02T22:25:00Z,34287
VD,2017-01-02T22:30:00Z,34199
VD,2017-01-02T22:35:00Z,33928
VD,2017-01-02T22:40:00Z,33599
VD,2017-01-02T22:45:00Z,33188
VD,2017-01-02T22:50:00Z,32769
VD,2017-01-02T22:55:00Z,32336
VD,2017-01-02T23:00:00Z,31910
VD,2017-01-02T23:05:00Z,31153
VD,2017-01-02T23:10:00Z,30721
VD,2017-01-02T23:15:00Z,30385
VD,2017-01-02T23:20:00Z,30045
VD,2017-01-02T23:25:00Z,29755
VD,2017-01-02T23:30:00Z,29738
VD,2017-01-02T23:35:00Z,29637
VD,2017-01-02T23:40:00Z,29491
VD,2017-01-02T23:45:00Z,29274
VD,2017-01-02T23:50:00Z,29100
VD,2017-01-02T23:55:00Z,28951
VD,2017-01-03T00:00:00Z,28991
VD,2017-01-03T00:05:00Z,29118
VD,2017-01-03T00:10:00Z,29232
VD,2017-01-03T00:15:00Z,29543
VD,2017-01-03T00:20:00Z,29623
VD,2017-01-03T00:25:00Z,29592
VD,2017-01-03T00:30:00Z,29860
VD,2017-01-03T00:35:00Z,30029
VD,2017-01-03T00:40:00Z,30120
VD,2017-01-03T00:45:00Z,30131
VD,2017-01-03T00:50:00Z,30067
VD,2017-01-03T00:55:00Z,29925
VD,2017-01-03T01:00:00Z,29913
VD,2017-01-03T01:05:00Z,29930
VD,2017-01-03T01:10:00Z,29864
VD,2017-01-03T01:15:00Z,29839
VD,2017-01-03T01:20:00Z,29678
VD,2017-01-03T01:25:00Z,29647
VD,2017-01-03T01:30:00Z,29640
VD,2017-01-03T01:35:00Z,29480
VD,2017-01-03T01:40:00Z,29352
VD,2017-01-03T01:45:00Z,29256
VD,2017-01-03T01:50:00Z,29149
VD,2017-01-03T01:55:00Z,29055
VD,2017-01-03T02:00:00Z,29118
VD,2017-01-03T02:05:00Z,28989
VD,2017-01-03T02:10:00Z,28881
VD,2017-01-03T02:15:00Z,28805
VD,2017-01-03T02:20:00Z,28736
VD,2017-01-03T02:25:00Z,28637
VD,2017-01-03T02:30:00Z,28757
VD,2017-01-03T02:35:00Z,28751
VD,2017-01-03T02:40:00Z,28698
VD,2017-01-03T02:45:00Z,28621
VD,2017-01-03T02:50:00Z,28509
VD,2017-01-03T02:55:00Z,28411
VD,2017-01-03T03:00:00Z,28412
VD,2017-01-03T03:05:00Z,28356
VD,2017-01-03T03:10:00Z,28246
VD,2017-01-03T03:15:00Z,28126
VD,2017-01-03T03:20:00Z,28050
VD,2017-01-03T03:25:00Z,27970
VD,2017-01-03T03:30:00Z,27950
VD,2017-01-03T03:35:00Z,27856
VD,2017-01-03T03:40:00Z,27752
VD,2017-01-03T03:45:00Z,27707
VD,2017-01-03T03:50:00Z,27629
VD,2017-01-03T03:55:00Z,27989
VD,2017-01-03T04:00:00Z,28626
VD,2017-01-03T04:05:00Z,28801
VD,2017-01-03T04:10:00Z,28797
VD,2017-01-03T04:15:00Z,28765
VD,2017-01-03T04:20:00Z,28709
VD,2017-01-03T04:25:00Z,28705
VD,2017-01-03T04:30:00Z,28770
VD,2017-01-03T04:35:00Z,28743
VD,2017-01-03T04:40:00Z,28743
VD,2017-01-03T04:45:00Z,28749
VD,2017-01-03T04:50:00Z,28788
VD,2017-01-03T04:55:00Z,28880
VD,2017-01-03T05:00:00Z,29011
VD,2017-01-03T05:05:00Z,29175
VD,2017-01-03T05:10:00Z,29243
VD,2017-01-03T05:15:00Z,29339
VD,2017-01-03T05:20:00Z,29419
VD,2017-01-03T05:25:00Z,29475
VD,2017-01-03T05:30:00Z,29465
VD,2017-01-03T05:35:00Z,29604
VD,2017-01-03T05:40:00Z,29451
VD,2017-01-03T05:45:00Z,29506
VD,2017-01-03T05:50:00Z,29595
VD,2017-01-03T05:55:00Z,29766
VD,2017-01-03T06:00:00Z,30262
VD,2017-01-03T06:05:00Z,30915
VD,2017-01-03T06:10:00Z,31386
VD,2017-01-03T06:15:00Z,31651
VD,2017-01-03T06:20:00Z,32054
VD,2017-01-03T06:25:00Z,32457
VD,2017-01-03T06:30:00Z,32813
VD,2017-01-03T06:35:00Z,33339
VD,2017-01-03T06:40:00Z,33791
VD,2017-01-03T06:45:00Z,34249
VD,2017-01-03T06:50:00Z,34747
VD,2017-01-03T06:55:00Z,35314
VD,2017-01-03T07:00:00Z,35833
VD,2017-01-03T07:05:00Z,36567
VD,2017-01-03T07:10:00Z,37169
VD,2017-01-03T07:15:00Z,37590
VD,2017-01-03T07:20:00Z,38050
VD,2017-01-03T07:25:00Z,38412
VD,2017-01-03T07:30:00Z,38558
VD,2017-01-03T07:35:00Z,38799
VD,2017-01-03T07:40:00Z,39135
VD,2017-01-03T07:45:00Z,39415
VD,2017-01-03T07:50:00Z,39663
VD,2017-01-03T07:55:00Z,39930
VD,2017-01-03T08:00:00Z,40164
VD,2017-01-03T08:05:00Z,40405
VD,2017-01-03T08:10:00Z,40727
VD,2017-01-03T08:15:00Z,40981
VD,2017-01-03T08:20:00Z,41119
VD,2017-01-03T08:25:00Z,41249
VD,2017-01-03T08:30:00Z,41358
VD,2017-01-03T08:35:00Z,41518
VD,2017-01-03T08:40:00Z,41701
VD,2017-01-03T08:45:00Z,41885
VD,2017-01-03T08:50:00Z,42044
VD,2017-01-03T08:55:00Z,42221
VD,2017-01-03T09:00:00Z,42426
VD,2017-01-03T09:05:00Z,42569
VD,2017-01-03T09:10:00Z,42668
VD,2017-01-03T09:15:00Z,42693
VD,2017-01-03T09:20:00Z,42733
VD,2017-01-03T09:25:00Z,42728
VD,2017-01-03T09:30:00Z,42742
VD,2017-01-03T09:35:00Z,42750
VD,2017-01-03T09:40:00Z,42732
VD,2017-01-03T09:45:00Z,42775
VD,2017-01-03T09:50:00Z,42836
VD,2017-01-03T09:55:00Z,42889
VD,2017-01-03T10:00:00Z,42867
VD,2017-01-03T10:05:00Z,42848
VD,2017-01-03T10:10:00Z,42920
VD,2017-01-03T10:15:00Z,42933
VD,2017-01-03T10:20:00Z,42955
VD,2017-01-03T10:25:00Z,42947
VD,2017-01-03T10:30:00Z,42879
VD,2017-01-03T10:35:00Z,42910
VD,2017-01-03T10:40:00Z,42838
VD,2017-01-03T10:45:00Z,42780
VD,2017-01-03T10:50:00Z,42762
VD,2017-01-03T10:55:00Z,42714
VD,2017-01-03T11:00:00Z,42793
VD,2017-01-03T11:05:00Z,42875
VD,2017-01-03T11:10:00Z,42864
VD,2017-01-03T11:15:00Z,42840
VD,2017-01-03T11:20:00Z,42830
VD,2017-01-03T11:25:00Z,42916
VD,2017-01-03T11:30:00Z,42987
VD,2017-01-03T11:35:00Z,42981
VD,2017-01-03T11:40:00Z,42992
VD,2017-01-03T11:45:00Z,43025
VD,2017-01-03T11:50:00Z,43047
VD,2017-01-03T11:55:00Z,43164
VD,2017-01-03T12:00:00Z,43259
VD,2017-01-03T12:05:00Z,43284
VD,2017-01-03T12:10:00Z,43246
VD,2017-01-03T12:15:00Z,43265
VD,2017-01-03T12:20:00Z,43289
VD,2017-01-03T12:25:00Z,43255
VD,2017-01-03T12:30:00Z,43243
VD,2017-01-03T12:35:00Z,43138
VD,2017-01-03T12:40:00Z,43039
VD,2017-01-03T12:45:00Z,43017
VD,2017-01-03T12:50:00Z,42956
VD,2017-01-03T12:55:00Z,42899
VD,2017-01-03T13:00:00Z,42963
VD,2017-01-03T13:05:00Z,43083
VD,2017-01-03T13:10:00Z,43092
VD,2017-01-03T13:15:00Z,43050
VD,2017-01-03T13:20:00Z,43020
VD,2017-01-03T13:25:00Z,43052
VD,2017-01-03T13:30:00Z,43096
VD,2017-01-03T13:35:00Z,43072
VD,2017-01-03T13:40:00Z,43072
VD,2017-01-03T13:45:00Z,43070
VD,2017-01-03T13:50:00Z,43038
VD,2017-01-03T13:55:00Z,43026
VD,2017-01-03T14:00:00Z,43116
VD,2017-01-03T14:05:00Z,43216
VD,2017-01-03T14:10:00Z,43219
VD,2017-01-03T14:15:00Z,43233
VD,2017-01-03T14:20:00Z,43191
VD,2017-01-03T14:25:00Z,43222
VD,2017-01-03T14:30:00Z,43323
VD,2017-01-03T14:35:00Z,43329
VD,2017-01-03T14:40:00Z,43353
VD,2017-01-03T14:45:00Z,43403
VD,2017-01-03T14:50:00Z,43443
VD,2017-01-03T14:55:00Z,43555
VD,2017-01-03T15:00:00Z,43694
VD,2017-01-03T15:05:00Z,43808
VD,2017-01-03T15:10:00Z,43876
VD,2017-01-03T15:15:00Z,44017
VD,2017-01-03T15:20:00Z,44150
VD,2017-01-03T15:25:00Z,44308
VD,2017-01-03T15:30:00Z,44443
VD,2017-01-03T15:35:00Z,44595
VD,2017-01-03T15:40:00Z,44762
VD,2017-01-03T15:45:00Z,45021
VD,2017-01-03T15:50:00Z,45043
VD,2017-01-03T15:55:00Z,44726
VD,2017-01-03T16:00:00Z,44466
VD,2017-01-03T16:05:00Z,44760
VD,2017-01-03T16:10:00Z,45056
VD,2017-01-03T16:15:00Z,45511
VD,2017-01-03T16:20:00Z,45888
VD,2017-01-03T16:25:00Z,46326
VD,2017-01-03T16:30:00Z,46776
VD,2017-01-03T16:35:00Z,47276
VD,2017-01-03T16:40:00Z,47657
VD,2017-01-03T16:45:00Z,47856
VD,2017-01-03T16:50:00Z,47898
VD,2017-01-03T16:55:00Z,47965
VD,2017-01-03T17:00:00Z,48039
VD,2017-01-03T17:05:00Z,48015
VD,2017-01-03T17:10:00Z,48131
VD,2017-01-03T17:15:00Z,48171
VD,2017-01-03T17:20:00Z,48263
VD,2017-01-03T17:25:00Z,48228
VD,2017-01-03T17:30:00Z,48320
VD,2017-01-03T17:35:00Z,48232
VD,2017-01-03T17:40:00Z,48015
VD,2017-01-03T17:45:00Z,47948
VD,2017-01-03T17:50:00Z,47864
VD,2017-01-03T17:55:00Z,47673
VD,2017-01-03T18:00:00Z,47975
VD,2017-01-03T18:05:00Z,48021
VD,2017-01-03T18:10:00Z,47909
VD,2017-01-03T18:15:00Z,47745
VD,2017-01-03T18:20:00Z,47557
VD,2017-01-03T18:25:00Z,47427
VD,2017-01-03T18:30:00Z,47467
VD,2017-01-03T18:35:00Z,47385
VD,2017-01-03T18:40:00Z,47315
VD,2017-01-03T18:45:00Z,47112
VD,2017-01-03T18:50:00Z,46830
VD,2017-01-03T18:55:00Z,46613
VD,2017-01-03T19:00:00Z,46864
VD,2017-01-03T19:05:00Z,47062
VD,2017-01-03T19:10:00Z,46955
VD,2017-01-03T19:15:00Z,46858
VD,2017-01-03T19:20:00Z,46545
VD,2017-01-03T19:25:00Z,46292
VD,2017-01-03T19:30:00Z,46220
VD,2017-01-03T19:35:00Z,45972
VD,2017-01-03T19:40:00Z,45631
VD,2017-01-03T19:45:00Z,45231
VD,2017-01-03T19:50:00Z,44790
VD,2017-01-03T19:55:00Z,44497
VD,2017-01-03T20:00:00Z,44597
VD,2017-01-03T20:05:00Z,44387
VD,2017-01-03T20:10:00Z,44046
VD,2017-01-03T20:15:00Z,43742
VD,2017-01-03T20:20:00Z,43375
VD,2017-01-03T20:25:00Z,42905
VD,2017-01-03T20:30:00Z,42508
VD,2017-01-03T20:35:00Z,42231
VD,2017-01-03T20:40:00Z,41947
VD,2017-01-03T20:45:00Z,41649
VD,2017-01-03T20:50:00Z,41291
VD,2017-01-03T20:55:00Z,41239
VD,2017-01-03T21:00:00Z,41527
VD,2017-01-03T21:05:00Z,41051
VD,2017-01-03T21:10:00Z,40463
VD,2017-01-03T21:15:00Z,40098
VD,2017-01-03T21:20:00Z,39678
VD,2017-01-03T21:25:00Z,39295
VD,2017-01-03T21:30:00Z,38894
VD,2017-01-03T21:35:00Z,38425
VD,2017-01-03T21:40:00Z,38072
VD,2017-01-03T21:45:00Z,37725
VD,2017-01-03T21:50:00Z,37348
VD,2017-01-03T21:55:00Z,36893
VD,2017-01-03T22:00:00Z,36788
VD,2017-01-03T22:05:00Z,36327
VD,2017-01-03T22:10:00Z,35773
VD,2017-01-03T22:15:00Z,35270
VD,2017-01-03T22:20:00Z,34757
VD,2017-01-03T22:25:00Z,34223
VD,2017-01-03T22:30:00Z,34036
VD,2017-01-03T22:35:00Z,33723
VD,2017-01-03T22:40:00Z,33388
VD,2017-01-03T22:45:00Z,32997
VD,2017-01-03T22:50:00Z,32616
VD,2017-01-03T22:55:00Z,32249
VD,2017-01-03T23:00:00Z,32042
VD,2017-01-03T23:05:00Z,31696
VD,2017-01-03T23:10:00Z,31330
VD,2017-01-03T23:15:00Z,31001
VD,2017-01-03T23:20:00Z,30613
VD,2017-01-03T23:25:00Z,30211
VD,2017-01-03T23:30:00Z,30237
VD,2017-01-03T23:35:00Z,30329
VD,2017-01-03T23:40:00Z,30131
VD,2017-01-03T23:45:00Z,30013
VD,2017-01-03T23:50:00Z,30070
VD,2017-01-03T23:55:00Z,29994
VD,2017-01-04T00:00:00Z,30403
VD,2017-01-04T00:05:00Z,30658
VD,2017-01-04T00:10:00Z,30844
VD,2017-01-04T00:15:00Z,30992
VD,2017-01-04T00:20:00Z,30993
VD,2017-01-04T00:25:00Z,30890
VD,2017-01-04T00:30:00Z,31316
VD,2017-01-04T00:35:00Z,31529
VD,2017-01-04T00:40:00Z,31641
VD,2017-01-04T00:45:00Z,31645
VD,2017-01-04T00:50:00Z,31565
VD,2017-01-04T00:55:00Z,31454
VD,2017-01-04T01:00:00Z,31256
VD,2017-01-04T01:05:00Z,31076
VD,2017-01-04T01:10:00Z,30928
VD,2017-01-04T01:15:00Z,30875
VD,2017-01-04T01:20:00Z,30785
VD,2017-01-04T01:25:00Z,30705
VD,2017-01-04T01:30:00Z,30865
VD,2017-01-04T01:35:00Z,30824
VD,2017-01-04T01:40:00Z,30703
VD,2017-01-04T01:45:00Z,30616
VD,2017-01-04T01:50:00Z,30531
VD,2017-01-04T01:55:00Z,30371
VD,2017-01-04T02:00:00Z,30333
VD,2017-01-04T02:05:00Z,30268
VD,2017-01-04T02:10:00Z,30184
VD,2017-01-04T02:15:00Z,30096
VD,2017-01-04T02:20:00Z,30052
VD,2017-01-04T02:25:00Z,30066
VD,2017-01-04T02:30:00Z,30272
VD,2017-01-04T02:35:00Z,30464
VD,2017-01-04T02:40:00Z,30643
VD,2017-01-04T02:45:00Z,30666
VD,2017-01-04T02:50:00Z,30608
VD,2017-01-04T02:55:00Z,30608
VD,2017-01-04T03:00:00Z,30781
VD,2017-01-04T03:05:00Z,30693
VD,2017-01-04T03:10:00Z,30586
VD,2017-01-04T03:15:00Z,30453
VD,2017-01-04T03:20:00Z,30361
VD,2017-01-04T03:25:00Z,30089
VD,2017-01-04T03:30:00Z,30158
VD,2017-01-04T03:35:00Z,30165
VD,2017-01-04T03:40:00Z,30107
VD,2017-01-04T03:45:00Z,30061
VD,2017-01-04T03:50:00Z,30090
VD,2017-01-04T03:55:00Z,30040
VD,2017-01-04T04:00:00Z,29915
VD,2017-01-04T04:05:00Z,29851
VD,2017-01-04T04:10:00Z,29778
VD,2017-01-04T04:15:00Z,29820
VD,2017-01-04T04:20:00Z,29812
VD,2017-01-04T04:25:00Z,29787
VD,2017-01-04T04:30:00Z,29853
VD,2017-01-04T04:35:00Z,29865
VD,2017-01-04T04:40:00Z,29877
VD,2017-01-04T04:45:00Z,29872
VD,2017-01-04T04:50:00Z,29855
VD,2017-01-04T04:55:00Z,29831
VD,2017-01-04T05:00:00Z,29960
VD,2017-01-04T05:05:00Z,30046
VD,2017-01-04T05:10:00Z,30147
VD,2017-01-04T05:15:00Z,30292
VD,2017-01-04T05:20:00Z,30447
VD,2017-01-04T05:25:00Z,30494
VD,2017-01-04T05:30:00Z,30621
VD,2017-01-04T05:35:00Z,30853
VD,2017-01-04T05:40:00Z,30947
VD,2017-01-04T05:45:00Z,30983
VD,2017-01-04T05:50:00Z,31135
VD,2017-01-04T05:55:00Z,31321
VD,2017-01-04T06:00:00Z,31722
VD,2017-01-04T06:05:00Z,32308
VD,2017-01-04T06:10:00Z,32709
VD,2017-01-04T06:15:00Z,33044
VD,2017-01-04T06:20:00Z,33435
VD,2017-01-04T06:25:00Z,33655
VD,2017-01-04T06:30:00Z,34019
VD,2017-01-04T06:35:00Z,34733
VD,2017-01-04T06:40:00Z,35316
VD,2017-01-04T06:45:00Z,35804
VD,2017-01-04T06:50:00Z,36460
VD,2017-01-04T06:55:00Z,37028
VD,2017-01-04T07:00:00Z,37496
VD,2017-01-04T07:05:00Z,38496
VD,2017-01-04T07:10:00Z,39087
VD,2017-01-04T07:15:00Z,39603
VD,2017-01-04T07:20:00Z,40081
VD,2017-01-04T07:25:00Z,40363
VD,2017-01-04T07:30:00Z,40559
VD,2017-01-04T07:35:00Z,40918
VD,2017-01-04T07:40:00Z,41221
VD,2017-01-04T07:45:00Z,41440
VD,2017-01-04T07:50:00Z,41676
VD,2017-01-04T07:55:00Z,41845
VD,2017-01-04T08:00:00Z,42077
VD,2017-01-04T08:05:00Z,42507
VD,2017-01-04T08:10:00Z,42654
VD,2017-01-04T08:15:00Z,42852
VD,2017-01-04T08:20:00Z,42877
VD,2017-01-04T08:25:00Z,42838
VD,2017-01-04T08:30:00Z,42822
VD,2017-01-04T08:35:00Z,42994
VD,2017-01-04T08:40:00Z,43163
VD,2017-01-04T08:45:00Z,43207
VD,2017-01-04T08:50:00Z,43301
VD,2017-01-04T08:55:00Z,43480
VD,2017-01-04T09:00:00Z,43730
VD,2017-01-04T09:05:00Z,43789
VD,2017-01-04T09:10:00Z,43967
VD,2017-01-04T09:15:00Z,44084
VD,2017-01-04T09:20:00Z,44104
VD,2017-01-04T09:25:00Z,44257
VD,2017-01-04T09:30:00Z,44422
VD,2017-01-04T09:35:00Z,44444
VD,2017-01-04T09:40:00Z,44440
VD,2017-01-04T09:45:00Z,44446
VD,2017-01-04T09:50:00Z,44502
VD,2017-01-04T09:55:00Z,44433
VD,2017-01-04T10:00:00Z,44364
VD,2017-01-04T10:05:00Z,44326
VD,2017-01-04T10:10:00Z,44268
VD,2017-01-04T10:15:00Z,44294
VD,2017-01-04T10:20:00Z,44290
VD,2017-01-04T10:25:00Z,44271
VD,2017-01-04T10:30:00Z,44384
VD,2017-01-04T10:35:00Z,44221
VD,2017-01-04T10:40:00Z,44120
VD,2017-01-04T10:45:00Z,44092
VD,2017-01-04T10:50:00Z,44067
VD,2017-01-04T10:55:00Z,44098
VD,2017-01-04T11:00:00Z,44296
VD,2017-01-04T11:05:00Z,44523
VD,2017-01-04T11:10:00Z,44553
VD,2017-01-04T11:15:00Z,44484
VD,2017-01-04T11:20:00Z,44365
VD,2017-01-04T11:25:00Z,44280
VD,2017-01-04T11:30:00Z,44301
VD,2017-01-04T11:35:00Z,44336
VD,2017-01-04T11:40:00Z,44394
VD,2017-01-04T11:45:00Z,44480
VD,2017-01-04T11:50:00Z,44490
VD,2017-01-04T11:55:00Z,44441
VD,2017-01-04T12:00:00Z,44381
VD,2017-01-04T12:05:00Z,44475
VD,2017-01-04T12:10:00Z,44506
VD,2017-01-04T12:15:00Z,44582
VD,2017-01-04T12:20:00Z,44569
VD,2017-01-04T12:25:00Z,44514
VD,2017-01-04T12:30:00Z,44648
VD,2017-01-04T12:35:00Z,44610
VD,2017-01-04T12:40:00Z,44561
VD,2017-01-04T12:45:00Z,44550
VD,2017-01-04T12:50:00Z,44529
VD,2017-01-04T12:55:00Z,44413
VD,2017-01-04T13:00:00Z,44435
VD,2017-01-04T13:05:00Z,44510
VD,2017-01-04T13:10:00Z,44438
VD,2017-01-04T13:15:00Z,44350
VD,2017-01-04T13:20:00Z,44261
VD,2017-01-04T13:25:00Z,44179
VD,2017-01-04T13:30:00Z,44287
VD,2017-01-04T13:35:00Z,44373
VD,2017-01-04T13:40:00Z,44301
VD,2017-01-04T13:45:00Z,44253
VD,2017-01-04T13:50:00Z,44243
VD,2017-01-04T13:55:00Z,44268
VD,2017-01-04T14:00:00Z,44425
VD,2017-01-04T14:05:00Z,44496
VD,2017-01-04T14:10:00Z,44478
VD,2017-01-04T14:15:00Z,44479
VD,2017-01-04T14:20:00Z,44504
VD,2017-01-04T14:25:00Z,44553
VD,2017-01-04T14:30:00Z,44590
VD,2017-01-04T14:35:00Z,44596
VD,2017-01-04T14:40:00Z,44666
VD,2017-01-04T14:45:00Z,44703
VD,2017-01-04T14:50:00Z,44731
VD,2017-01-04T14:55:00Z,44670
VD,2017-01-04T15:00:00Z,44652
VD,2017-01-04T15:05:00Z,44696
VD,2017-01-04T15:10:00Z,44731
VD,2017-01-04T15:15:00Z,44856
VD,2017-01-04T15:20:00Z,44988
VD,2017-01-04T15:25:00Z,45140
VD,2017-01-04T15:30:00Z,45520
VD,2017-01-04T15:35:00Z,45834
VD,2017-01-04T15:40:00Z,46147
VD,2017-01-04T15:45:00Z,46506
VD,2017-01-04T15:50:00Z,46582
VD,2017-01-04T15:55:00Z,46200
VD,2017-01-04T16:00:00Z,46014
VD,2017-01-04T16:05:00Z,46371
VD,2017-01-04T16:10:00Z,46715
VD,2017-01-04T16:15:00Z,47092
VD,2017-01-04T16:20:00Z,47467
VD,2017-01-04T16:25:00Z,47823
VD,2017-01-04T16:30:00Z,48124
VD,2017-01-04T16:35:00Z,48492
VD,2017-01-04T16:40:00Z,48897
VD,2017-01-04T16:45:00Z,49116
VD,2017-01-04T16:50:00Z,49211
VD,2017-01-04T16:55:00Z,49367
VD,2017-01-04T17:00:00Z,49609
VD,2017-01-04T17:05:00Z,49665
VD,2017-01-04T17:10:00Z,49621
VD,2017-01-04T17:15:00Z,49709
VD,2017-01-04T17:20:00Z,49818
VD,2017-01-04T17:25:00Z,49824
VD,2017-01-04T17:30:00Z,49792
VD,2017-01-04T17:35:00Z,49696
VD,2017-01-04T17:40:00Z,49580
VD,2017-01-04T17:45:00Z,49600
VD,2017-01-04T17:50:00Z,49528
VD,2017-01-04T17:55:00Z,49493
VD,2017-01-04T18:00:00Z,49743
VD,2017-01-04T18:05:00Z,49826
VD,2017-01-04T18:10:00Z,49720
VD,2017-01-04T18:15:00Z,49602
VD,2017-01-04T18:20:00Z,49414
VD,2017-01-04T18:25:00Z,49361
VD,2017-01-04T18:30:00Z,49490
VD,2017-01-04T18:35:00Z,49506
VD,2017-01-04T18:40:00Z,49307
VD,2017-01-04T18:45:00Z,49248
VD,2017-01-04T18:50:00Z,48994
VD,2017-01-04T18:55:00Z,48795
VD,2017-01-04T19:00:00Z,48862
VD,2017-01-04T19:05:00Z,49092
VD,2017-01-04T19:10:00Z,48880
VD,2017-01-04T19:15:00Z,48725
VD,2017-01-04T19:20:00Z,48348
VD,2017-01-04T19:25:00Z,48216
VD,2017-01-04T19:30:00Z,48155
VD,2017-01-04T19:35:00Z,47798
VD,2017-01-04T19:40:00Z,47583
VD,2017-01-04T19:45:00Z,47347
VD,2017-01-04T19:50:00Z,46974
VD,2017-01-04T19:55:00Z,46723
VD,2017-01-04T20:00:00Z,47168
VD,2017-01-04T20:05:00Z,47297
VD,2017-01-04T20:10:00Z,47206
VD,2017-01-04T20:15:00Z,46860
VD,2017-01-04T20:20:00Z,46537
VD,2017-01-04T20:25:00Z,46248
VD,2017-01-04T20:30:00Z,45853
VD,2017-01-04T20:35:00Z,45576
VD,2017-01-04T20:40:00Z,45252
VD,2017-01-04T20:45:00Z,44899
VD,2017-01-04T20:50:00Z,44678
VD,2017-01-04T20:55:00Z,44413
VD,2017-01-04T21:00:00Z,44177
VD,2017-01-04T21:05:00Z,43607
VD,2017-01-04T21:10:00Z,43168
VD,2017-01-04T21:15:00Z,42810
VD,2017-01-04T21:20:00Z,42437
VD,2017-01-04T21:25:00Z,42050
VD,2017-01-04T21:30:00Z,41673
VD,2017-01-04T21:35:00Z,41358
VD,2017-01-04T21:40:00Z,41029
VD,2017-01-04T21:45:00Z,40645
VD,2017-01-04T21:50:00Z,40199
VD,2017-01-04T21:55:00Z,39796
VD,2017-01-04T22:00:00Z,39582
VD,2017-01-04T22:05:00Z,39124
VD,2017-01-04T22:10:00Z,38629
VD,2017-01-04T22:15:00Z,38127
VD,2017-01-04T22:20:00Z,37722
VD,2017-01-04T22:25:00Z,37138
VD,2017-01-04T22:30:00Z,37100
VD,2017-01-04T22:35:00Z,36842
VD,2017-01-04T22:40:00Z,36467
VD,2017-01-04T22:45:00Z,36166
VD,2017-01-04T22:50:00Z,35695
VD,2017-01-04T22:55:00Z,35134
VD,2017-01-04T23:00:00Z,34592
VD,2017-01-04T23:05:00Z,34182
VD,2017-01-04T23:10:00Z,33690
VD,2017-01-04T23:15:00Z,33313
VD,2017-01-04T23:20:00Z,33032
VD,2017-01-04T23:25:00Z,32729
VD,2017-01-04T23:30:00Z,32763
VD,2017-01-04T23:35:00Z,32603
VD,2017-01-04T23:40:00Z,32497
VD,2017-01-04T23:45:00Z,32326
VD,2017-01-04T23:50:00Z,32145
VD,2017-01-04T23:55:00Z,31802
VD,2017-01-05T00:00:00Z,31787
VD,2017-01-05T00:05:00Z,32080
VD,2017-01-05T00:10:00Z,32408
VD,2017-01-05T00:15:00Z,32468
VD,2017-01-05T00:20:00Z,32652
VD,2017-01-05T00:25:00Z,32868
VD,2017-01-05T00:30:00Z,33132
VD,2017-01-05T00:35:00Z,33162
VD,2017-01-05T00:40:00Z,33140
VD,2017-01-05T00:45:00Z,33103
VD,2017-01-05T00:50:00Z,33038
VD,2017-01-05T00:55:00Z,32944
VD,2017-01-05T01:00:00Z,32977
VD,2017-01-05T01:05:00Z,32825
VD,2017-01-05T01:10:00Z,32835
VD,2017-01-05T01:15:00Z,33020
VD,2017-01-05T01:20:00Z,33022
VD,2017-01-05T01:25:00Z,33013
VD,2017-01-05T01:30:00Z,32957
VD,2017-01-05T01:35:00Z,32859
VD,2017-01-05T01:40:00Z,32758
VD,2017-01-05T01:45:00Z,32619
VD,2017-01-05T01:50:00Z,32528
VD,2017-01-05T01:55:00Z,32499
VD,2017-01-05T02:00:00Z,32421
VD,2017-01-05T02:05:00Z,32321
VD,2017-01-05T02:10:00Z,32248
VD,2017-01-05T02:15:00Z,32191
VD,2017-01-05T02:20:00Z,32177
VD,2017-01-05T02:25:00Z,32274
VD,2017-01-05T02:30:00Z,32603
VD,2017-01-05T02:35:00Z,32655
VD,2017-01-05T02:40:00Z,32622
VD,2017-01-05T02:45:00Z,32540
VD,2017-01-05T02:50:00Z,32450
VD,2017-01-05T02:55:00Z,32285
VD,2017-01-05T03:00:00Z,32305
VD,2017-01-05T03:05:00Z,32226
VD,2017-01-05T03:10:00Z,32166
VD,2017-01-05T03:15:00Z,32061
VD,2017-01-05T03:20:00Z,31926
VD,2017-01-05T03:25:00Z,31837
VD,2017-01-05T03:30:00Z,31810
VD,2017-01-05T03:35:00Z,31777
VD,2017-01-05T03:40:00Z,31691
VD,2017-01-05T03:45:00Z,31619
VD,2017-01-05T03:50:00Z,31550
VD,2017-01-05T03:55:00Z,31456
VD,2017-01-05T04:00:00Z,31520
VD,2017-01-05T04:05:00Z,31521
VD,2017-01-05T04:10:00Z,31461
VD,2017-01-05T04:15:00Z,31466
VD,2017-01-05T04:20:00Z,31448
VD,2017-01-05T04:25:00Z,31483
VD,2017-01-05T04:30:00Z,31504
VD,2017-01-05T04:35:00Z,31530
VD,2017-01-05T04:40:00Z,31500
VD,2017-01-05T04:45:00Z,31491
VD,2017-01-05T04:50:00Z,31500
VD,2017-01-05T04:55:00Z,31894
VD,2017-01-05T05:00:00Z,32346
VD,2017-01-05T05:05:00Z,32669
VD,2017-01-05T05:10:00Z,32978
VD,2017-01-05T05:15:00Z,33044
VD,2017-01-05T05:20:00Z,33005
VD,2017-01-05T05:25:00Z,33121
VD,2017-01-05T05:30:00Z,33541
VD,2017-01-05T05:35:00Z,33775
VD,2017-01-05T05:40:00Z,33887
VD,2017-01-05T05:45:00Z,34068
VD,2017-01-05T05:50:00Z,34375
VD,2017-01-05T05:55:00Z,34480
VD,2017-01-05T06:00:00Z,34907
VD,2017-01-05T06:05:00Z,35488
VD,2017-01-05T06:10:00Z,35837
VD,2017-01-05T06:15:00Z,36275
VD,2017-01-05T06:20:00Z,36813
VD,2017-01-05T06:25:00Z,37234
VD,2017-01-05T06:30:00Z,37753
VD,2017-01-05T06:35:00Z,38361
VD,2017-01-05T06:40:00Z,38951
VD,2017-01-05T06:45:00Z,39514
VD,2017-01-05T06:50:00Z,40175
VD,2017-01-05T06:55:00Z,40726
VD,2017-01-05T07:00:00Z,41387
VD,2017-01-05T07:05:00Z,42159
VD,2017-01-05T07:10:00Z,42772
VD,2017-01-05T07:15:00Z,43325
VD,2017-01-05T07:20:00Z,43793
VD,2017-01-05T07:25:00Z,44062
VD,2017-01-05T07:30:00Z,44239
VD,2017-01-05T07:35:00Z,44640
VD,2017-01-05T07:40:00Z,45077
VD,2017-01-05T07:45:00Z,45213
VD,2017-01-05T07:50:00Z,45284
VD,2017-01-05T07:55:00Z,45421
VD,2017-01-05T08:00:00Z,45697
VD,2017-01-05T08:05:00Z,45959
VD,2017-01-05T08:10:00Z,46033
VD,2017-01-05T08:15:00Z,45981
VD,2017-01-05T08:20:00Z,45902
VD,2017-01-05T08:25:00Z,45853
VD,2017-01-05T08:30:00Z,45796
VD,2017-01-05T08:35:00Z,45809
VD,2017-01-05T08:40:00Z,45868
VD,2017-01-05T08:45:00Z,45990
VD,2017-01-05T08:50:00Z,45960
VD,2017-01-05T08:55:00Z,46120
VD,2017-01-05T09:00:00Z,46454
VD,2017-01-05T09:05:00Z,46678
VD,2017-01-05T09:10:00Z,46796
VD,2017-01-05T09:15:00Z,46909
VD,2017-01-05T09:20:00Z,46973
VD,2017-01-05T09:25:00Z,46941
VD,2017-01-05T09:30:00Z,46878
VD,2017-01-05T09:35:00Z,46802
VD,2017-01-05T09:40:00Z,46705
VD,2017-01-05T09:45:00Z,46621
VD,2017-01-05T09:50:00Z,46497
VD,2017-01-05T09:55:00Z,46412
VD,2017-01-05T10:00:00Z,46284
VD,2017-01-05T10:05:00Z,46083
VD,2017-01-05T10:10:00Z,46006
VD,2017-01-05T10:15:00Z,45917
VD,2017-01-05T10:20:00Z,45814
VD,2017-01-05T10:25:00Z,45690
VD,2017-01-05T10:30:00Z,45697
VD,2017-01-05T10:35:00Z,45718
VD,2017-01-05T10:40:00Z,45635
VD,2017-01-05T10:45:00Z,45591
VD,2017-01-05T10:50:00Z,45495
VD,2017-01-05T10:55:00Z,45449
VD,2017-01-05T11:00:00Z,45369
VD,2017-01-05T11:05:00Z,45359
VD,2017-01-05T11:10:00Z,45168
VD,2017-01-05T11:15:00Z,44988
VD,2017-01-05T11:20:00Z,44940
VD,2017-01-05T11:25:00Z,44835
VD,2017-01-05T11:30:00Z,44803
VD,2017-01-05T11:35:00Z,44794
VD,2017-01-05T11:40:00Z,44641
VD,2017-01-05T11:45:00Z,44580
VD,2017-01-05T11:50:00Z,44540
VD,2017-01-05T11:55:00Z,44559
VD,2017-01-05T12:00:00Z,44667
VD,2017-01-05T12:05:00Z,44679
VD,2017-01-05T12:10:00Z,44647
VD,2017-01-05T12:15:00Z,44687
VD,2017-01-05T12:20:00Z,44651
VD,2017-01-05T12:25:00Z,44638
VD,2017-01-05T12:30:00Z,44647
VD,2017-01-05T12:35:00Z,44591
VD,2017-01-05T12:40:00Z,44500
VD,2017-01-05T12:45:00Z,44441
VD,2017-01-05T12:50:00Z,44425
VD,2017-01-05T12:55:00Z,44455
VD,2017-01-05T13:00:00Z,44571
VD,2017-01-05T13:05:00Z,44626
VD,2017-01-05T13:10:00Z,44706
VD,2017-01-05T13:15:00Z,44707
VD,2017-01-05T13:20:00Z,44647
VD,2017-01-05T13:25:00Z,44578
VD,2017-01-05T13:30:00Z,44600
VD,2017-01-05T13:35:00Z,44666
VD,2017-01-05T13:40:00Z,44684
VD,2017-01-05T13:45:00Z,44715
VD,2017-01-05T13:50:00Z,44725
VD,2017-01-05T13:55:00Z,44703
VD,2017-01-05T14:00:00Z,45031
VD,2017-01-05T14:05:00Z,45221
VD,2017-01-05T14:10:00Z,45246
VD,2017-01-05T14:15:00Z,45219
VD,2017-01-05T14:20:00Z,45185
VD,2017-01-05T14:25:00Z,45203
VD,2017-01-05T14:30:00Z,45328
VD,2017-01-05T14:35:00Z,45412
VD,2017-01-05T14:40:00Z,45498
VD,2017-01-05T14:45:00Z,45556
VD,2017-01-05T14:50:00Z,45563
VD,2017-01-05T14:55:00Z,45430
VD,2017-01-05T15:00:00Z,45391
VD,2017-01-05T15:05:00Z,45325
VD,2017-01-05T15:10:00Z,45423
VD,2017-01-05T15:15:00Z,45617
VD,2017-01-05T15:20:00Z,45708
VD,2017-01-05T15:25:00Z,45839
VD,2017-01-05T15:30:00Z,46081
VD,2017-01-05T15:35:00Z,46376
VD,2017-01-05T15:40:00Z,46574
VD,2017-01-05T15:45:00Z,46978
VD,2017-01-05T15:50:00Z,47287
VD,2017-01-05T15:55:00Z,47152
VD,2017-01-05T16:00:00Z,47086
VD,2017-01-05T16:05:00Z,47437
VD,2017-01-05T16:10:00Z,47793
VD,2017-01-05T16:15:00Z,48242
VD,2017-01-05T16:20:00Z,48611
VD,2017-01-05T16:25:00Z,48956
VD,2017-01-05T16:30:00Z,49264
VD,2017-01-05T16:35:00Z,49675
VD,2017-01-05T16:40:00Z,50011
VD,2017-01-05T16:45:00Z,50299
VD,2017-01-05T16:50:00Z,50363
VD,2017-01-05T16:55:00Z,50460
VD,2017-01-05T17:00:00Z,50475
VD,2017-01-05T17:05:00Z,50393
VD,2017-01-05T17:10:00Z,50322
VD,2017-01-05T17:15:00Z,50374
VD,2017-01-05T17:20:00Z,50377
VD,2017-01-05T17:25:00Z,50304
VD,2017-01-05T17:30:00Z,50269
VD,2017-01-05T17:35:00Z,50091
VD,2017-01-05T17:40:00Z,49926
VD,2017-01-05T17:45:00Z,49826
VD,2017-01-05T17:50:00Z,49777
VD,2017-01-05T17:55:00Z,49745
VD,2017-01-05T18:00:00Z,49943
VD,2017-01-05T18:05:00Z,50064
VD,2017-01-05T18:10:00Z,50042
VD,2017-01-05T18:15:00Z,49935
VD,2017-01-05T18:20:00Z,49762
VD,2017-01-05T18:25:00Z,49498
VD,2017-01-05T18:30:00Z,49642
VD,2017-01-05T18:35:00Z,49965
VD,2017-01-05T18:40:00Z,49809
VD,2017-01-05T18:45:00Z,49720
VD,2017-01-05T18:50:00Z,49531
VD,2017-01-05T18:55:00Z,49406
VD,2017-01-05T19:00:00Z,49479
VD,2017-01-05T19:05:00Z,49532
VD,2017-01-05T19:10:00Z,49456
VD,2017-01-05T19:15:00Z,49283
VD,2017-01-05T19:20:00Z,48865
VD,2017-01-05T19:25:00Z,48657
VD,2017-01-05T19:30:00Z,48587
VD,2017-01-05T19:35:00Z,48285
VD,2017-01-05T19:40:00Z,47999
VD,2017-01-05T19:45:00Z,47792
VD,2017-01-05T19:50:00Z,47429
VD,2017-01-05T19:55:00Z,47071
VD,2017-01-05T20:00:00Z,47407
VD,2017-01-05T20:05:00Z,47647
VD,2017-01-05T20:10:00Z,47603
VD,2017-01-05T20:15:00Z,47312
VD,2017-01-05T20:20:00Z,47019
VD,2017-01-05T20:25:00Z,46638
VD,2017-01-05T20:30:00Z,46337
VD,2017-01-05T20:35:00Z,45959
VD,2017-01-05T20:40:00Z,45542
VD,2017-01-05T20:45:00Z,45325
VD,2017-01-05T20:50:00Z,44964
VD,2017-01-05T20:55:00Z,44575
VD,2017-01-05T21:00:00Z,44381
VD,2017-01-05T21:05:00Z,43891
VD,2017-01-05T21:10:00Z,43483
VD,2017-01-05T21:15:00Z,43155
VD,2017-01-05T21:20:00Z,42738
VD,2017-01-05T21:25:00Z,42331
VD,2017-01-05T21:30:00Z,41910
VD,2017-01-05T21:35:00Z,41418
VD,2017-01-05T21:40:00Z,41024
VD,2017-01-05T21:45:00Z,40580
VD,2017-01-05T21:50:00Z,40071
VD,2017-01-05T21:55:00Z,39720
VD,2017-01-05T22:00:00Z,39606
VD,2017-01-05T22:05:00Z,39119
VD,2017-01-05T22:10:00Z,38648
VD,2017-01-05T22:15:00Z,38160
VD,2017-01-05T22:20:00Z,37665
VD,2017-01-05T22:25:00Z,37269
VD,2017-01-05T22:30:00Z,37167
VD,2017-01-05T22:35:00Z,36783
VD,2017-01-05T22:40:00Z,36317
VD,2017-01-05T22:45:00Z,35821
VD,2017-01-05T22:50:00Z,35337
VD,2017-01-05T22:55:00Z,34935
VD,2017-01-05T23:00:00Z,34684
VD,2017-01-05T23:05:00Z,34280
VD,2017-01-05T23:10:00Z,33957
VD,2017-01-05T23:15:00Z,33654
VD,2017-01-05T23:20:00Z,33354
VD,2017-01-05T23:25:00Z,33042
VD,2017-01-05T23:30:00Z,32982
VD,2017-01-05T23:35:00Z,32819
VD,2017-01-05T23:40:00Z,32853
VD,2017-01-05T23:45:00Z,33020
VD,2017-01-05T23:50:00Z,32895
VD,2017-01-05T23:55:00Z,32981
VD,2017-01-06T00:00:00Z,33217
VD,2017-01-06T00:05:00Z,33319
VD,2017-01-06T00:10:00Z,33379
VD,2017-01-06T00:15:00Z,33419
VD,2017-01-06T00:20:00Z,33378
VD,2017-01-06T00:25:00Z,33533
VD,2017-01-06T00:30:00Z,33656
VD,2017-01-06T00:35:00Z,33776
VD,2017-01-06T00:40:00Z,33850
VD,2017-01-06T00:45:00Z,33911
VD,2017-01-06T00:50:00Z,33869
VD,2017-01-06T00:55:00Z,33730
VD,2017-01-06T01:00:00Z,33638
VD,2017-01-06T01:05:00Z,33397
VD,2017-01-06T01:10:00Z,33319
VD,2017-01-06T01:15:00Z,33223
VD,2017-01-06T01:20:00Z,33205
VD,2017-01-06T01:25:00Z,33059
VD,2017-01-06T01:30:00Z,33045
VD,2017-01-06T01:35:00Z,32950
VD,2017-01-06T01:40:00Z,32822
VD,2017-01-06T01:45:00Z,32708
VD,2017-01-06T01:50:00Z,32626
VD,2017-01-06T01:55:00Z,32533
VD,2017-01-06T02:00:00Z,32547
VD,2017-01-06T02:05:00Z,32502
VD,2017-01-06T02:10:00Z,32443
VD,2017-01-06T02:15:00Z,32420
VD,2017-01-06T02:20:00Z,32402
VD,2017-01-06T02:25:00Z,32338
VD,2017-01-06T02:30:00Z,32519
VD,2017-01-06T02:35:00Z,32524
VD,2017-01-06T02:40:00Z,32427
VD,2017-01-06T02:45:00Z,32350
VD,2017-01-06T02:50:00Z,32202
VD,2017-01-06T02:55:00Z,32188
VD,2017-01-06T03:00:00Z,32388
VD,2017-01-06T03:05:00Z,32280
VD,2017-01-06T03:10:00Z,32128
VD,2017-01-06T03:15:00Z,32049
VD,2017-01-06T03:20:00Z,31928
VD,2017-01-06T03:25:00Z,31812
VD,2017-01-06T03:30:00Z,31789
VD,2017-01-06T03:35:00Z,31728
VD,2017-01-06T03:40:00Z,31671
VD,2017-01-06T03:45:00Z,31545
VD,2017-01-06T03:50:00Z,31427
VD,2017-01-06T03:55:00Z,31410
VD,2017-01-06T04:00:00Z,31521
VD,2017-01-06T04:05:00Z,31555
VD,2017-01-06T04:10:00Z,31553
VD,2017-01-06T04:15:00Z,31527
VD,2017-01-06T04:20:00Z,31459
VD,2017-01-06T04:25:00Z,31416
VD,2017-01-06T04:30:00Z,31418
VD,2017-01-06T04:35:00Z,31483
VD,2017-01-06T04:40:00Z,31483
VD,2017-01-06T04:45:00Z,31462
VD,2017-01-06T04:50:00Z,31509
VD,2017-01-06T04:55:00Z,31629
VD,2017-01-06T05:00:00Z,31817
VD,2017-01-06T05:05:00Z,31967
VD,2017-01-06T05:10:00Z,31920
VD,2017-01-06T05:15:00Z,32001
VD,2017-01-06T05:20:00Z,32094
VD,2017-01-06T05:25:00Z,32122
VD,2017-01-06T05:30:00Z,32225
VD,2017-01-06T05:35:00Z,32357
VD,2017-01-06T05:40:00Z,32335
VD,2017-01-06T05:45:00Z,32391
VD,2017-01-06T05:50:00Z,32560
VD,2017-01-06T05:55:00Z,32627
VD,2017-01-06T06:00:00Z,33131
VD,2017-01-06T06:05:00Z,33631
VD,2017-01-06T06:10:00Z,34218
VD,2017-01-06T06:15:00Z,34670
VD,2017-01-06T06:20:00Z,35113
VD,2017-01-06T06:25:00Z,35531
VD,2017-01-06T06:30:00Z,36001
VD,2017-01-06T06:35:00Z,36638
VD,2017-01-06T06:40:00Z,37186
VD,2017-01-06T06:45:00Z,37713
VD,2017-01-06T06:50:00Z,38376
VD,2017-01-06T06:55:00Z,38999
VD,2017-01-06T07:00:00Z,39649
VD,2017-01-06T07:05:00Z,40593
VD,2017-01-06T07:10:00Z,41318
VD,2017-01-06T07:15:00Z,41776
VD,2017-01-06T07:20:00Z,42270
VD,2017-01-06T07:25:00Z,42604
VD,2017-01-06T07:30:00Z,42842
VD,2017-01-06T07:35:00Z,43229
VD,2017-01-06T07:40:00Z,43622
VD,2017-01-06T07:45:00Z,43810
VD,2017-01-06T07:50:00Z,44072
VD,2017-01-06T07:55:00Z,44309
VD,2017-01-06T08:00:00Z,44582
VD,2017-01-06T08:05:00Z,44990
VD,2017-01-06T08:10:00Z,45119
VD,2017-01-06T08:15:00Z,45151
VD,2017-01-06T08:20:00Z,45014
VD,2017-01-06T08:25:00Z,44972
VD,2017-01-06T08:30:00Z,44945
VD,2017-01-06T08:35:00Z,44978
VD,2017-01-06T08:40:00Z,45009
VD,2017-01-06T08:45:00Z,45015
VD,2017-01-06T08:50:00Z,45144
VD,2017-01-06T08:55:00Z,45176
VD,2017-01-06T09:00:00Z,45369
VD,2017-01-06T09:05:00Z,45639
VD,2017-01-06T09:10:00Z,45792
VD,2017-01-06T09:15:00Z,45849
VD,2017-01-06T09:20:00Z,45800
VD,2017-01-06T09:25:00Z,45837
VD,2017-01-06T09:30:00Z,45902
VD,2017-01-06T09:35:00Z,45902
VD,2017-01-06T09:40:00Z,45956
VD,2017-01-06T09:45:00Z,45948
VD,2017-01-06T09:50:00Z,45914
VD,2017-01-06T09:55:00Z,45913
VD,2017-01-06T10:00:00Z,45961
VD,2017-01-06T10:05:00Z,45964
VD,2017-01-06T10:10:00Z,45876
VD,2017-01-06T10:15:00Z,45906
VD,2017-01-06T10:20:00Z,45905
VD,2017-01-06T10:25:00Z,45974
VD,2017-01-06T10:30:00Z,46069
VD,2017-01-06T10:35:00Z,46058
VD,2017-01-06T10:40:00Z,46065
VD,2017-01-06T10:45:00Z,46067
VD,2017-01-06T10:50:00Z,46005
VD,2017-01-06T10:55:00Z,46038
VD,2017-01-06T11:00:00Z,46195
VD,2017-01-06T11:05:00Z,46270
VD,2017-01-06T11:10:00Z,46253
VD,2017-01-06T11:15:00Z,46258
VD,2017-01-06T11:20:00Z,46245
VD,2017-01-06T11:25:00Z,46280
VD,2017-01-06T11:30:00Z,46286
VD,2017-01-06T11:35:00Z,46311
VD,2017-01-06T11:40:00Z,46344
VD,2017-01-06T11:45:00Z,46378
VD,2017-01-06T11:50:00Z,46399
VD,2017-01-06T11:55:00Z,46411
VD,2017-01-06T12:00:00Z,46517
VD,2017-01-06T12:05:00Z,46554
VD,2017-01-06T12:10:00Z,46590
VD,2017-01-06T12:15:00Z,46668
VD,2017-01-06T12:20:00Z,46674
VD,2017-01-06T12:25:00Z,46717
VD,2017-01-06T12:30:00Z,46768
VD,2017-01-06T12:35:00Z,46744
VD,2017-01-06T12:40:00Z,46652
VD,2017-01-06T12:45:00Z,46615
VD,2017-01-06T12:50:00Z,46501
VD,2017-01-06T12:55:00Z,46365
VD,2017-01-06T13:00:00Z,46201
VD,2017-01-06T13:05:00Z,45976
VD,2017-01-06T13:10:00Z,45981
VD,2017-01-06T13:15:00Z,45950
VD,2017-01-06T13:20:00Z,45823
VD,2017-01-06T13:25:00Z,45756
VD,2017-01-06T13:30:00Z,45802
VD,2017-01-06T13:35:00Z,45834
VD,2017-01-06T13:40:00Z,45770
VD,2017-01-06T13:45:00Z,45750
VD,2017-01-06T13:50:00Z,45722
VD,2017-01-06T13:55:00Z,45615
VD,2017-01-06T14:00:00Z,45718
VD,2017-01-06T14:05:00Z,45855
VD,2017-01-06T14:10:00Z,45939
VD,2017-01-06T14:15:00Z,45936
VD,2017-01-06T14:20:00Z,45826
VD,2017-01-06T14:25:00Z,45733
VD,2017-01-06T14:30:00Z,45705
VD,2017-01-06T14:35:00Z,45602
VD,2017-01-06T14:40:00Z,45543
VD,2017-01-06T14:45:00Z,45533
VD,2017-01-06T14:50:00Z,45530
VD,2017-01-06T14:55:00Z,45600
VD,2017-01-06T15:00:00Z,45664
VD,2017-01-06T15:05:00Z,45620
VD,2017-01-06T15:10:00Z,45592
VD,2017-01-06T15:15:00Z,45626
VD,2017-01-06T15:20:00Z,45622
VD,2017-01-06T15:25:00Z,45725
VD,2017-01-06T15:30:00Z,45878
VD,2017-01-06T15:35:00Z,46075
VD,2017-01-06T15:40:00Z,46361
VD,2017-01-06T15:45:00Z,46705
VD,2017-01-06T15:50:00Z,46874
VD,2017-01-06T15:55:00Z,47009
VD,2017-01-06T16:00:00Z,47187
VD,2017-01-06T16:05:00Z,47392
VD,2017-01-06T16:10:00Z,47527
VD,2017-01-06T16:15:00Z,47858
VD,2017-01-06T16:20:00Z,48127
VD,2017-01-06T16:25:00Z,48398
VD,2017-01-06T16:30:00Z,48657
VD,2017-01-06T16:35:00Z,48899
VD,2017-01-06T16:40:00Z,49105
VD,2017-01-06T16:45:00Z,49228
VD,2017-01-06T16:50:00Z,49381
VD,2017-01-06T16:55:00Z,49520
VD,2017-01-06T17:00:00Z,49703
VD,2017-01-06T17:05:00Z,49787
VD,2017-01-06T17:10:00Z,49769
VD,2017-01-06T17:15:00Z,49883
VD,2017-01-06T17:20:00Z,49903
VD,2017-01-06T17:25:00Z,49831
VD,2017-01-06T17:30:00Z,49793
VD,2017-01-06T17:35:00Z,49718
VD,2017-01-06T17:40:00Z,49637
VD,2017-01-06T17:45:00Z,49522
VD,2017-01-06T17:50:00Z,49400
VD,2017-01-06T17:55:00Z,49274
VD,2017-01-06T18:00:00Z,49312
VD,2017-01-06T18:05:00Z,49276
VD,2017-01-06T18:10:00Z,49152
VD,2017-01-06T18:15:00Z,48954
VD,2017-01-06T18:20:00Z,48756
VD,2017-01-06T18:25:00Z,48540
VD,2017-01-06T18:30:00Z,48530
VD,2017-01-06T18:35:00Z,48452
VD,2017-01-06T18:40:00Z,48283
VD,2017-01-06T18:45:00Z,48062
VD,2017-01-06T18:50:00Z,47751
VD,2017-01-06T18:55:00Z,47506
VD,2017-01-06T19:00:00Z,47499
VD,2017-01-06T19:05:00Z,47508
VD,2017-01-06T19:10:00Z,47285
VD,2017-01-06T19:15:00Z,47033
VD,2017-01-06T19:20:00Z,46703
VD,2017-01-06T19:25:00Z,46514
VD,2017-01-06T19:30:00Z,46401
VD,2017-01-06T19:35:00Z,46188
VD,2017-01-06T19:40:00Z,46055
VD,2017-01-06T19:45:00Z,45768
VD,2017-01-06T19:50:00Z,45471
VD,2017-01-06T19:55:00Z,45536
VD,2017-01-06T20:00:00Z,45651
VD,2017-01-06T20:05:00Z,45315
VD,2017-01-06T20:10:00Z,45136
VD,2017-01-06T20:15:00Z,44916
VD,2017-01-06T20:20:00Z,44627
VD,2017-01-06T20:25:00Z,44312
VD,2017-01-06T20:30:00Z,43885
VD,2017-01-06T20:35:00Z,43500
VD,2017-01-06T20:40:00Z,43224
VD,2017-01-06T20:45:00Z,43080
VD,2017-01-06T20:50:00Z,42734
VD,2017-01-06T20:55:00Z,42500
VD,2017-01-06T21:00:00Z,42255
VD,2017-01-06T21:05:00Z,41803
VD,2017-01-06T21:10:00Z,41353
VD,2017-01-06T21:15:00Z,40995
VD,2017-01-06T21:20:00Z,40598
VD,2017-01-06T21:25:00Z,40211
VD,2017-01-06T21:30:00Z,39746
VD,2017-01-06T21:35:00Z,39360
VD,2017-01-06T21:40:00Z,39026
VD,2017-01-06T21:45:00Z,38782
VD,2017-01-06T21:50:00Z,38557
VD,2017-01-06T21:55:00Z,38299
VD,2017-01-06T22:00:00Z,38006
VD,2017-01-06T22:05:00Z,37586
VD,2017-01-06T22:10:00Z,37161
VD,2017-01-06T22:15:00Z,36708
VD,2017-01-06T22:20:00Z,36374
VD,2017-01-06T22:25:00Z,36096
VD,2017-01-06T22:30:00Z,36075
VD,2017-01-06T22:35:00Z,35828
VD,2017-01-06T22:40:00Z,35521
VD,2017-01-06T22:45:00Z,35248
VD,2017-01-06T22:50:00Z,34904
VD,2017-01-06T22:55:00Z,34503
VD,2017-01-06T23:00:00Z,34150
VD,2017-01-06T23:05:00Z,33786
VD,2017-01-06T23:10:00Z,33495
VD,2017-01-06T23:15:00Z,33239
VD,2017-01-06T23:20:00Z,33124
VD,2017-01-06T23:25:00Z,32950
VD,2017-01-06T23:30:00Z,33262
VD,2017-01-06T23:35:00Z,33499
VD,2017-01-06T23:40:00Z,33321
VD,2017-01-06T23:45:00Z,33147
VD,2017-01-06T23:50:00Z,32999
VD,2017-01-06T23:55:00Z,33123
VD,2017-01-07T00:00:00Z,33386
VD,2017-01-07T00:05:00Z,33336
VD,2017-01-07T00:10:00Z,33447
VD,2017-01-07T00:15:00Z,33496
VD,2017-01-07T00:20:00Z,33434
VD,2017-01-07T00:25:00Z,33290
VD,2017-01-07T00:30:00Z,33511
VD,2017-01-07T00:35:00Z,33626
VD,2017-01-07T00:40:00Z,33494
VD,2017-01-07T00:45:00Z,33522
VD,2017-01-07T00:50:00Z,33462
VD,2017-01-07T00:55:00Z,33294
VD,2017-01-07T01:00:00Z,33226
VD,2017-01-07T01:05:00Z,33058
VD,2017-01-07T01:10:00Z,32925
VD,2017-01-07T01:15:00Z,32789
VD,2017-01-07T01:20:00Z,32715
VD,2017-01-07T01:25:00Z,32714
VD,2017-01-07T01:30:00Z,32680
VD,2017-01-07T01:35:00Z,32646
VD,2017-01-07T01:40:00Z,32705
VD,2017-01-07T01:45:00Z,32639
VD,2017-01-07T01:50:00Z,32539
VD,2017-01-07T01:55:00Z,32446
VD,2017-01-07T02:00:00Z,32492
VD,2017-01-07T02:05:00Z,32452
VD,2017-01-07T02:10:00Z,32374
VD,2017-01-07T02:15:00Z,32307
VD,2017-01-07T02:20:00Z,32210
VD,2017-01-07T02:25:00Z,32115
VD,2017-01-07T02:30:00Z,32185
VD,2017-01-07T02:35:00Z,32199
VD,2017-01-07T02:40:00Z,32142
VD,2017-01-07T02:45:00Z,32038
VD,2017-01-07T02:50:00Z,31941
VD,2017-01-07T02:55:00Z,31853
VD,2017-01-07T03:00:00Z,31869
VD,2017-01-07T03:05:00Z,31822
VD,2017-01-07T03:10:00Z,31694
VD,2017-01-07T03:15:00Z,31545
VD,2017-01-07T03:20:00Z,31468
VD,2017-01-07T03:25:00Z,31316
VD,2017-01-07T03:30:00Z,31179
VD,2017-01-07T03:35:00Z,31060
VD,2017-01-07T03:40:00Z,30951
VD,2017-01-07T03:45:00Z,30804
VD,2017-01-07T03:50:00Z,30698
VD,2017-01-07T03:55:00Z,30590
VD,2017-01-07T04:00:00Z,30566
VD,2017-01-07T04:05:00Z,30578
VD,2017-01-07T04:10:00Z,30525
VD,2017-01-07T04:15:00Z,30459
VD,2017-01-07T04:20:00Z,30359
VD,2017-01-07T04:25:00Z,30258
VD,2017-01-07T04:30:00Z,30321
VD,2017-01-07T04:35:00Z,30231
VD,2017-01-07T04:40:00Z,30206
VD,2017-01-07T04:45:00Z,30185
VD,2017-01-07T04:50:00Z,30190
VD,2017-01-07T04:55:00Z,30186
VD,2017-01-07T05:00:00Z,30298
VD,2017-01-07T05:05:00Z,30343
VD,2017-01-07T05:10:00Z,30320
VD,2017-01-07T05:15:00Z,30285
VD,2017-01-07T05:20:00Z,30294
VD,2017-01-07T05:25:00Z,30251
VD,2017-01-07T05:30:00Z,30329
VD,2017-01-07T05:35:00Z,30438
VD,2017-01-07T05:40:00Z,30451
VD,2017-01-07T05:45:00Z,30450
VD,2017-01-07T05:50:00Z,30495
VD,2017-01-07T05:55:00Z,30655
VD,2017-01-07T06:00:00Z,30972
VD,2017-01-07T06:05:00Z,31145
VD,2017-01-07T06:10:00Z,31168
VD,2017-01-07T06:15:00Z,31110
VD,2017-01-07T06:20:00Z,31020
VD,2017-01-07T06:25:00Z,30913
VD,2017-01-07T06:30:00Z,30777
VD,2017-01-07T06:35:00Z,30742
VD,2017-01-07T06:40:00Z,30803
VD,2017-01-07T06:45:00Z,30975
VD,2017-01-07T06:50:00Z,31214
VD,2017-01-07T06:55:00Z,31475
VD,2017-01-07T07:00:00Z,31848
VD,2017-01-07T07:05:00Z,32109
VD,2017-01-07T07:10:00Z,32367
VD,2017-01-07T07:15:00Z,32575
VD,2017-01-07T07:20:00Z,32830
VD,2017-01-07T07:25:00Z,32974
VD,2017-01-07T07:30:00Z,33047
VD,2017-01-07T07:35:00Z,33245
VD,2017-01-07T07:40:00Z,33460
VD,2017-01-07T07:45:00Z,33728
VD,2017-01-07T07:50:00Z,33956
VD,2017-01-07T07:55:00Z,34277
VD,2017-01-07T08:00:00Z,34599
VD,2017-01-07T08:05:00Z,35049
VD,2017-01-07T08:10:00Z,35328
VD,2017-01-07T08:15:00Z,35594
VD,2017-01-07T08:20:00Z,35905
VD,2017-01-07T08:25:00Z,36238
VD,2017-01-07T08:30:00Z,36643
VD,2017-01-07T08:35:00Z,36947
VD,2017-01-07T08:40:00Z,37207
VD,2017-01-07T08:45:00Z,37502
VD,2017-01-07T08:50:00Z,37767
VD,2017-01-07T08:55:00Z,38118
VD,2017-01-07T09:00:00Z,38487
VD,2017-01-07T09:05:00Z,38795
VD,2017-01-07T09:10:00Z,38996
VD,2017-01-07T09:15:00Z,39157
VD,2017-01-07T09:20:00Z,39316
VD,2017-01-07T09:25:00Z,39373
VD,2017-01-07T09:30:00Z,39508
VD,2017-01-07T09:35:00Z,39503
VD,2017-01-07T09:40:00Z,39536
VD,2017-01-07T09:45:00Z,39686
VD,2017-01-07T09:50:00Z,39808
VD,2017-01-07T09:55:00Z,39938
VD,2017-01-07T10:00:00Z,40129
VD,2017-01-07T10:05:00Z,40251
VD,2017-01-07T10:10:00Z,40366
VD,2017-01-07T10:15:00Z,40465
VD,2017-01-07T10:20:00Z,40515
VD,2017-01-07T10:25:00Z,40530
VD,2017-01-07T10:30:00Z,40630
VD,2017-01-07T10:35:00Z,40654
VD,2017-01-07T10:40:00Z,40676
VD,2017-01-07T10:45:00Z,40664
VD,2017-01-07T10:50:00Z,40741
VD,2017-01-07T10:55:00Z,40750
VD,2017-01-07T11:00:00Z,40827
VD,2017-01-07T11:05:00Z,40915
VD,2017-01-07T11:10:00Z,40907
VD,2017-01-07T11:15:00Z,40971
VD,2017-01-07T11:20:00Z,41062
VD,2017-01-07T11:25:00Z,41174
VD,2017-01-07T11:30:00Z,41370
VD,2017-01-07T11:35:00Z,41440
VD,2017-01-07T11:40:00Z,41409
VD,2017-01-07T11:45:00Z,41406
VD,2017-01-07T11:50:00Z,41392
VD,2017-01-07T11:55:00Z,41403
VD,2017-01-07T12:00:00Z,41392
VD,2017-01-07T12:05:00Z,41409
VD,2017-01-07T12:10:00Z,41400
VD,2017-01-07T12:15:00Z,41389
VD,2017-01-07T12:20:00Z,41409
VD,2017-01-07T12:25:00Z,41405
VD,2017-01-07T12:30:00Z,41471
VD,2017-01-07T12:35:00Z,41451
VD,2017-01-07T12:40:00Z,41407
VD,2017-01-07T12:45:00Z,41349
VD,2017-01-07T12:50:00Z,41298
VD,2017-01-07T12:55:00Z,41250
VD,2017-01-07T13:00:00Z,40995
VD,2017-01-07T13:05:00Z,40815
VD,2017-01-07T13:10:00Z,40765
VD,2017-01-07T13:15:00Z,40772
VD,2017-01-07T13:20:00Z,40743
VD,2017-01-07T13:25:00Z,40657
VD,2017-01-07T13:30:00Z,40609
VD,2017-01-07T13:35:00Z,40540
VD,2017-01-07T13:40:00Z,40468
VD,2017-01-07T13:45:00Z,40415
VD,2017-01-07T13:50:00Z,40356
VD,2017-01-07T13:55:00Z,40317
VD,2017-01-07T14:00:00Z,40226
VD,2017-01-07T14:05:00Z,40176
VD,2017-01-07T14:10:00Z,40127
VD,2017-01-07T14:15:00Z,40069
VD,2017-01-07T14:20:00Z,40015
VD,2017-01-07T14:25:00Z,39940
VD,2017-01-07T14:30:00Z,39928
VD,2017-01-07T14:35:00Z,39946
VD,2017-01-07T14:40:00Z,39937
VD,2017-01-07T14:45:00Z,39948
VD,2017-01-07T14:50:00Z,39957
VD,2017-01-07T14:55:00Z,40002
VD,2017-01-07T15:00:00Z,40209
VD,2017-01-07T15:05:00Z,40236
VD,2017-01-07T15:10:00Z,40185
VD,2017-01-07T15:15:00Z,40271
VD,2017-01-07T15:20:00Z,40419
VD,2017-01-07T15:25:00Z,40428
VD,2017-01-07T15:30:00Z,40588
VD,2017-01-07T15:35:00Z,40705
VD,2017-01-07T15:40:00Z,40849
VD,2017-01-07T15:45:00Z,41065
VD,2017-01-07T15:50:00Z,41139
VD,2017-01-07T15:55:00Z,40905
VD,2017-01-07T16:00:00Z,41225
VD,2017-01-07T16:05:00Z,41571
VD,2017-01-07T16:10:00Z,41829
VD,2017-01-07T16:15:00Z,42291
VD,2017-01-07T16:20:00Z,42798
VD,2017-01-07T16:25:00Z,43159
VD,2017-01-07T16:30:00Z,43730
VD,2017-01-07T16:35:00Z,44093
VD,2017-01-07T16:40:00Z,44773
VD,2017-01-07T16:45:00Z,45202
VD,2017-01-07T16:50:00Z,44838
VD,2017-01-07T16:55:00Z,44854
VD,2017-01-07T17:00:00Z,45023
VD,2017-01-07T17:05:00Z,45068
VD,2017-01-07T17:10:00Z,45091
VD,2017-01-07T17:15:00Z,45200
VD,2017-01-07T17:20:00Z,45342
VD,2017-01-07T17:25:00Z,45428
VD,2017-01-07T17:30:00Z,45445
VD,2017-01-07T17:35:00Z,45452
VD,2017-01-07T17:40:00Z,45431
VD,2017-01-07T17:45:00Z,45400
VD,2017-01-07T17:50:00Z,45299
VD,2017-01-07T17:55:00Z,45168
VD,2017-01-07T18:00:00Z,45065
VD,2017-01-07T18:05:00Z,44985
VD,2017-01-07T18:10:00Z,44844
VD,2017-01-07T18:15:00Z,44657
VD,2017-01-07T18:20:00Z,44527
VD,2017-01-07T18:25:00Z,44348
VD,2017-01-07T18:30:00Z,44319
VD,2017-01-07T18:35:00Z,44175
VD,2017-01-07T18:40:00Z,44038
VD,2017-01-07T18:45:00Z,43934
VD,2017-01-07T18:50:00Z,43836
VD,2017-01-07T18:55:00Z,43672
VD,2017-01-07T19:00:00Z,43585
VD,2017-01-07T19:05:00Z,43723
VD,2017-01-07T19:10:00Z,43454
VD,2017-01-07T19:15:00Z,43194
VD,2017-01-07T19:20:00Z,42911
VD,2017-01-07T19:25:00Z,42694
VD,2017-01-07T19:30:00Z,42415
VD,2017-01-07T19:35:00Z,42021
VD,2017-01-07T19:40:00Z,41610
VD,2017-01-07T19:45:00Z,41383
VD,2017-01-07T19:50:00Z,41071
VD,2017-01-07T19:55:00Z,40853
VD,2017-01-07T20:00:00Z,40898
VD,2017-01-07T20:05:00Z,40893
VD,2017-01-07T20:10:00Z,40693
VD,2017-01-07T20:15:00Z,40526
VD,2017-01-07T20:20:00Z,40296
VD,2017-01-07T20:25:00Z,40055
VD,2017-01-07T20:30:00Z,39819
VD,2017-01-07T20:35:00Z,39584
VD,2017-01-07T20:40:00Z,39242
VD,2017-01-07T20:45:00Z,38953
VD,2017-01-07T20:50:00Z,38681
VD,2017-01-07T20:55:00Z,38325
VD,2017-01-07T21:00:00Z,38278
VD,2017-01-07T21:05:00Z,38088
VD,2017-01-07T21:10:00Z,37717
VD,2017-01-07T21:15:00Z,37616
VD,2017-01-07T21:20:00Z,37342
VD,2017-01-07T21:25:00Z,37044
VD,2017-01-07T21:30:00Z,36839
VD,2017-01-07T21:35:00Z,36613
VD,2017-01-07T21:40:00Z,36345
VD,2017-01-07T21:45:00Z,36132
VD,2017-01-07T21:50:00Z,35909
VD,2017-01-07T21:55:00Z,35695
VD,2017-01-07T22:00:00Z,35419
VD,2017-01-07T22:05:00Z,35141
VD,2017-01-07T22:10:00Z,34955
VD,2017-01-07T22:15:00Z,34717
VD,2017-01-07T22:20:00Z,34416
VD,2017-01-07T22:25:00Z,34145
VD,2017-01-07T22:30:00Z,34173
VD,2017-01-07T22:35:00Z,33957
VD,2017-01-07T22:40:00Z,33606
VD,2017-01-07T22:45:00Z,33372
VD,2017-01-07T22:50:00Z,33032
VD,2017-01-07T22:55:00Z,32691
VD,2017-01-07T23:00:00Z,32538
VD,2017-01-07T23:05:00Z,32218
VD,2017-01-07T23:10:00Z,31882
VD,2017-01-07T23:15:00Z,31686
VD,2017-01-07T23:20:00Z,31481
VD,2017-01-07T23:25:00Z,31175
VD,2017-01-07T23:30:00Z,31114
VD,2017-01-07T23:35:00Z,31074
VD,2017-01-07T23:40:00Z,30968
VD,2017-01-07T23:45:00Z,30849
VD,2017-01-07T23:50:00Z,30643
VD,2017-01-07T23:55:00Z,30479
VD,2017-01-08T00:00:00Z,30699
VD,2017-01-08T00:05:00Z,30707
VD,2017-01-08T00:10:00Z,30682
VD,2017-01-08T00:15:00Z,30619
VD,2017-01-08T00:20:00Z,30547
VD,2017-01-08T00:25:00Z,30467
VD,2017-01-08T00:30:00Z,30694
VD,2017-01-08T00:35:00Z,30778
VD,2017-01-08T00:40:00Z,30818
VD,2017-01-08T00:45:00Z,30779
VD,2017-01-08T00:50:00Z,30705
VD,2017-01-08T00:55:00Z,30596
VD,2017-01-08T01:00:00Z,30481
VD,2017-01-08T01:05:00Z,30255
VD,2017-01-08T01:10:00Z,30070
VD,2017-01-08T01:15:00Z,29873
VD,2017-01-08T01:20:00Z,29796
VD,2017-01-08T01:25:00Z,29864
VD,2017-01-08T01:30:00Z,29791
VD,2017-01-08T01:35:00Z,29880
VD,2017-01-08T01:40:00Z,30044
VD,2017-01-08T01:45:00Z,30153
VD,2017-01-08T01:50:00Z,30311
VD,2017-01-08T01:55:00Z,30415
VD,2017-01-08T02:00:00Z,30161
VD,2017-01-08T02:05:00Z,29953
VD,2017-01-08T02:10:00Z,29804
VD,2017-01-08T02:15:00Z,29734
VD,2017-01-08T02:20:00Z,29625
VD,2017-01-08T02:25:00Z,29593
VD,2017-01-08T02:30:00Z,29734
VD,2017-01-08T02:35:00Z,29685
VD,2017-01-08T02:40:00Z,29552
VD,2017-01-08T02:45:00Z,29448
VD,2017-01-08T02:50:00Z,29307
VD,2017-01-08T02:55:00Z,29203
VD,2017-01-08T03:00:00Z,29277
VD,2017-01-08T03:05:00Z,29223
VD,2017-01-08T03:10:00Z,29127
VD,2017-01-08T03:15:00Z,29034
VD,2017-01-08T03:20:00Z,28887
VD,2017-01-08T03:25:00Z,28734
VD,2017-01-08T03:30:00Z,28646
VD,2017-01-08T03:35:00Z,28548
VD,2017-01-08T03:40:00Z,28421
VD,2017-01-08T03:45:00Z,28317
VD,2017-01-08T03:50:00Z,28264
VD,2017-01-08T03:55:00Z,28242
VD,2017-01-08T04:00:00Z,28398
VD,2017-01-08T04:05:00Z,28583
VD,2017-01-08T04:10:00Z,28465
VD,2017-01-08T04:15:00Z,28321
VD,2017-01-08T04:20:00Z,28218
VD,2017-01-08T04:25:00Z,28142
VD,2017-01-08T04:30:00Z,28174
VD,2017-01-08T04:35:00Z,28103
VD,2017-01-08T04:40:00Z,28024
VD,2017-01-08T04:45:00Z,27995
VD,2017-01-08T04:50:00Z,27995
VD,2017-01-08T04:55:00Z,27983
VD,2017-01-08T05:00:00Z,28173
VD,2017-01-08T05:05:00Z,28286
VD,2017-01-08T05:10:00Z,28354
VD,2017-01-08T05:15:00Z,28366
VD,2017-01-08T05:20:00Z,28305
VD,2017-01-08T05:25:00Z,28249
VD,2017-01-08T05:30:00Z,28296
VD,2017-01-08T05:35:00Z,28394
VD,2017-01-08T05:40:00Z,28442
VD,2017-01-08T05:45:00Z,28487
VD,2017-01-08T05:50:00Z,28590
VD,2017-01-08T05:55:00Z,28733
VD,2017-01-08T06:00:00Z,29059
VD,2017-01-08T06:05:00Z,29302
VD,2017-01-08T06:10:00Z,29451
VD,2017-01-08T06:15:00Z,29513
VD,2017-01-08T06:20:00Z,29568
VD,2017-01-08T06:25:00Z,29628
VD,2017-01-08T06:30:00Z,29541
VD,2017-01-08T06:35:00Z,29608
VD,2017-01-08T06:40:00Z,29692
VD,2017-01-08T06:45:00Z,29814
VD,2017-01-08T06:50:00Z,29910
VD,2017-01-08T06:55:00Z,30026
VD,2017-01-08T07:00:00Z,29925
VD,2017-01-08T07:05:00Z,29919
VD,2017-01-08T07:10:00Z,29888
VD,2017-01-08T07:15:00Z,29742
VD,2017-01-08T07:20:00Z,29669
VD,2017-01-08T07:25:00Z,29540
VD,2017-01-08T07:30:00Z,29317
VD,2017-01-08T07:35:00Z,29384
VD,2017-01-08T07:40:00Z,29535
VD,2017-01-08T07:45:00Z,29714
VD,2017-01-08T07:50:00Z,29896
VD,2017-01-08T07:55:00Z,30064
VD,2017-01-08T08:00:00Z,30303
VD,2017-01-08T08:05:00Z,30520
VD,2017-01-08T08:10:00Z,30803
VD,2017-01-08T08:15:00Z,31098
VD,2017-01-08T08:20:00Z,31400
VD,2017-01-08T08:25:00Z,31685
VD,2017-01-08T08:30:00Z,31987
VD,2017-01-08T08:35:00Z,32303
VD,2017-01-08T08:40:00Z,32510
VD,2017-01-08T08:45:00Z,32811
VD,2017-01-08T08:50:00Z,33133
VD,2017-01-08T08:55:00Z,33410
VD,2017-01-08T09:00:00Z,33662
VD,2017-01-08T09:05:00Z,33583
VD,2017-01-08T09:10:00Z,33715
VD,2017-01-08T09:15:00Z,33885
VD,2017-01-08T09:20:00Z,34142
VD,2017-01-08T09:25:00Z,34425
VD,2017-01-08T09:30:00Z,34669
VD,2017-01-08T09:35:00Z,34896
VD,2017-01-08T09:40:00Z,35129
VD,2017-01-08T09:45:00Z,35429
VD,2017-01-08T09:50:00Z,35715
VD,2017-01-08T09:55:00Z,36356
VD,2017-01-08T10:00:00Z,36977
VD,2017-01-08T10:05:00Z,37173
VD,2017-01-08T10:10:00Z,37306
VD,2017-01-08T10:15:00Z,37509
VD,2017-01-08T10:20:00Z,37683
VD,2017-01-08T10:25:00Z,37741
VD,2017-01-08T10:30:00Z,37796
VD,2017-01-08T10:35:00Z,37901
VD,2017-01-08T10:40:00Z,37926
VD,2017-01-08T10:45:00Z,38027
VD,2017-01-08T10:50:00Z,38069
VD,2017-01-08T10:55:00Z,38089
VD,2017-01-08T11:00:00Z,38108
VD,2017-01-08T11:05:00Z,38121
VD,2017-01-08T11:10:00Z,38215
VD,2017-01-08T11:15:00Z,38349
VD,2017-01-08T11:20:00Z,38427
VD,2017-01-08T11:25:00Z,38472
VD,2017-01-08T11:30:00Z,38629
VD,2017-01-08T11:35:00Z,38662
VD,2017-01-08T11:40:00Z,38706
VD,2017-01-08T11:45:00Z,38765
VD,2017-01-08T11:50:00Z,38751
VD,2017-01-08T11:55:00Z,38829
VD,2017-01-08T12:00:00Z,38904
VD,2017-01-08T12:05:00Z,38690
VD,2017-01-08T12:10:00Z,38664
VD,2017-01-08T12:15:00Z,38795
VD,2017-01-08T12:20:00Z,38839
VD,2017-01-08T12:25:00Z,38783
VD,2017-01-08T12:30:00Z,38889
VD,2017-01-08T12:35:00Z,38905
VD,2017-01-08T12:40:00Z,38977
VD,2017-01-08T12:45:00Z,39065
VD,2017-01-08T12:50:00Z,39140
VD,2017-01-08T12:55:00Z,39187
VD,2017-01-08T13:00:00Z,39250
VD,2017-01-08T13:05:00Z,39307
VD,2017-01-08T13:10:00Z,39263
VD,2017-01-08T13:15:00Z,39263
VD,2017-01-08T13:20:00Z,39230
VD,2017-01-08T13:25:00Z,39161
VD,2017-01-08T13:30:00Z,39094
VD,2017-01-08T13:35:00Z,39064
VD,2017-01-08T13:40:00Z,39004
VD,2017-01-08T13:45:00Z,38975
VD,2017-01-08T13:50:00Z,38947
VD,2017-01-08T13:55:00Z,38898
VD,2017-01-08T14:00:00Z,39056
VD,2017-01-08T14:05:00Z,39094
VD,2017-01-08T14:10:00Z,39059
VD,2017-01-08T14:15:00Z,39063
VD,2017-01-08T14:20:00Z,39092
VD,2017-01-08T14:25:00Z,39132
VD,2017-01-08T14:30:00Z,39243